request_id,vehicle_id,user_id,arrival_time,departure_time,battery_capacity_kwh,initial_soc,required_energy_kwh,max_charging_power_kw,charger_type,priority_category,scenario,request_timestamp,vehicle_type
REQ-88E94D0A,EV-045,EMP-045,2024-03-11T11:24:00,2024-03-11T17:39:24.424890,77,0.27,41.8,50,DC,standard,normal,2024-03-11T01:10:11.306270,VW ID.4
REQ-C7367343,EV-022,EMP-022,2024-03-11T07:50:00,2024-03-11T11:24:30.366047,52,0.1,41.4,22,AC,standard,normal,2024-03-11T04:19:15.052135,Renault Zoe
REQ-29DE3C0E,EV-047,EMP-047,2024-03-11T12:06:00,2024-03-11T16:48:27.546812,77,0.11,36.8,50,DC,standard,normal,2024-03-11T01:12:17.357137,Kia EV6
REQ-6CAB208B,EV-072,EMP-072,2024-03-11T10:40:00,2024-03-11T16:32:07.758295,75,0.2,33.8,50,DC,priority,normal,2024-03-10T23:49:42.166366,Tesla Model 3
REQ-ABB3AB5F,EV-032,EMP-032,2024-03-11T12:43:00,2024-03-11T20:57:30.965186,75,0.24,35.6,50,DC,standard,normal,2024-03-11T03:14:43.187587,Tesla Model 3
REQ-D3ED76B1,EV-018,EMP-018,2024-03-11T13:48:00,2024-03-11T19:57:17.860774,40,0.2,30.9,22,AC,standard,normal,2024-03-11T02:04:25.070237,Nissan Leaf
REQ-FCFFE58B,EV-080,EMP-080,2024-03-11T14:45:00,2024-03-11T16:26:09.231771,75,0.58,21.0,50,DC,standard,normal,2024-03-11T05:01:27.465248,Tesla Model 3
REQ-8EE407E6,EV-041,EMP-041,2024-03-11T14:37:00,2024-03-11T18:07:03.754159,82,0.61,17.7,50,DC,standard,normal,2024-03-11T04:14:34.239395,Tesla Model Y
REQ-EC979821,EV-008,EMP-008,2024-03-11T08:37:00,2024-03-11T13:34:08.187336,75,0.3,47.1,50,DC,standard,normal,2024-03-11T07:50:40.292403,Tesla Model 3
REQ-AAE37995,EV-004,EMP-004,2024-03-11T07:39:00,2024-03-11T15:37:57.529435,77,0.73,13.3,50,DC,standard,normal,2024-03-11T02:33:13.314887,Hyundai Ioniq 5
REQ-7EA40F0B,EV-009,EMP-009,2024-03-11T16:36:00,2024-03-11T21:00:00,82,0.17,67.1,50,DC,standard,normal,2024-03-11T05:01:51.079327,Tesla Model Y
REQ-1F047597,EV-051,EMP-051,2024-03-11T07:13:00,2024-03-11T11:58:33.221481,42,0.57,11.9,22,AC,standard,normal,2024-03-11T00:50:07.085330,BMW i3
REQ-E3B44F21,EV-064,EMP-064,2024-03-11T10:09:00,2024-03-11T13:33:37.507666,75,0.56,16.5,50,DC,standard,normal,2024-03-11T03:27:28.087320,Tesla Model 3
REQ-34FECE0D,EV-034,EMP-034,2024-03-11T12:29:00,2024-03-11T19:00:46.969620,40,0.34,14.1,22,AC,emergency,normal,2024-03-11T08:11:09.718508,Nissan Leaf
REQ-3DB1F567,EV-006,EMP-006,2024-03-11T08:41:00,2024-03-11T15:34:53.365101,52,0.3,23.8,22,AC,standard,normal,2024-03-11T03:33:20.623976,Renault Zoe
REQ-C68A70A1,EV-031,EMP-031,2024-03-11T07:15:00,2024-03-11T11:54:12.051012,77,0.71,18.7,50,DC,priority,normal,2024-03-10T23:40:17.682480,Kia EV6
REQ-279ADD52,EV-080,EMP-080,2024-03-11T08:05:00,2024-03-11T09:35:10.960372,75,0.29,38.1,50,DC,standard,normal,2024-03-11T00:03:15.187179,Tesla Model 3
REQ-C3C7FB80,EV-043,EMP-043,2024-03-11T09:53:00,2024-03-11T12:59:09.937827,42,0.41,23.6,22,AC,standard,normal,2024-03-11T07:25:54.776197,BMW i3
REQ-F5C4CC5D,EV-078,EMP-078,2024-03-11T08:01:00,2024-03-11T14:15:49.403106,52,0.32,32.1,22,AC,standard,normal,2024-03-10T23:46:46.259239,Renault Zoe
REQ-27562AC6,EV-069,EMP-069,2024-03-11T07:23:00,2024-03-11T09:03:59.485469,77,0.26,42.0,50,DC,standard,normal,2024-03-11T06:02:44.911312,VW ID.4
REQ-E81A8FDA,EV-001,EMP-001,2024-03-11T10:15:00,2024-03-11T13:12:29.751392,82,0.55,27.6,50,DC,standard,normal,2024-03-11T02:12:19.198340,Tesla Model Y
REQ-4EE4C582,EV-058,EMP-058,2024-03-11T08:30:00,2024-03-11T15:46:31.247091,40,0.17,23.7,22,AC,standard,normal,2024-03-10T20:59:00.205850,Nissan Leaf
REQ-A1DF9AD5,EV-055,EMP-055,2024-03-11T09:06:00,2024-03-11T12:28:08.353551,77,0.65,19.6,50,DC,standard,normal,2024-03-11T00:55:22.281871,Kia EV6
REQ-E5788083,EV-043,EMP-043,2024-03-11T16:47:00,2024-03-11T21:00:00,42,0.68,10.8,22,AC,standard,normal,2024-03-11T10:28:42.183976,BMW i3
REQ-479CDD25,EV-022,EMP-022,2024-03-11T14:05:00,2024-03-11T21:00:00,52,0.58,16.1,22,AC,standard,normal,2024-03-11T10:44:24.274867,Renault Zoe
REQ-6818CEC7,EV-052,EMP-052,2024-03-11T12:31:00,2024-03-11T17:55:35.094946,77,0.51,24.0,50,DC,standard,normal,2024-03-11T08:43:50.854554,Hyundai Ioniq 5
REQ-2E7009F8,EV-009,EMP-009,2024-03-11T07:38:00,2024-03-11T13:11:04.110008,82,0.19,40.9,50,DC,standard,normal,2024-03-10T23:00:34.247534,Tesla Model Y
REQ-FF67F9D5,EV-035,EMP-035,2024-03-11T07:48:00,2024-03-11T13:22:10.500794,42,0.37,16.0,22,AC,standard,normal,2024-03-10T20:53:39.686997,BMW i3
REQ-C5E8C20D,EV-037,EMP-037,2024-03-11T10:23:00,2024-03-11T18:18:31.764872,77,0.6,475.5,50,DC,priority,normal,2024-03-11T05:50:17.185569,VW ID.4
REQ-4249EBB3,EV-077,EMP-077,2024-03-11T12:42:00,2024-03-11T21:00:00,77,0.37,42.4,50,DC,priority,normal,2024-03-11T05:15:45.342818,VW ID.4
REQ-14BDD56F,EV-071,EMP-071,2024-03-11T07:26:00,2024-03-11T12:12:07.571353,77,0.12,45.3,50,DC,standard,normal,2024-03-11T02:17:01.289898,Kia EV6
REQ-86884B39,EV-022,EMP-022,2024-03-11T07:56:00,2024-03-11T10:23:25.950527,52,0.5,13.4,22,AC,standard,normal,2024-03-11T00:56:34.171903,Renault Zoe
REQ-01E6D3FF,EV-041,EMP-041,2024-03-11T08:17:00,2024-03-11T10:48:03.886155,82,0.4,25.8,50,DC,standard,normal,2024-03-11T05:20:57.264234,Tesla Model Y
REQ-DC73DF97,EV-015,EMP-015,2024-03-11T08:31:00,2024-03-11T12:51:36.407820,77,0.59,28.9,50,DC,standard,normal,2024-03-11T07:04:29.081964,Kia EV6
REQ-4FFE032A,EV-074,EMP-074,2024-03-11T08:04:00,2024-03-11T17:03:57.511370,40,0.33,22.1,22,AC,standard,normal,2024-03-11T00:04:17.357273,Nissan Leaf
REQ-DE9640A1,EV-070,EMP-070,2024-03-11T12:53:00,2024-03-11T15:52:42.738424,52,0.11,26.7,22,AC,standard,normal,2024-03-11T04:41:04.403833,Renault Zoe
REQ-62622A64,EV-024,EMP-024,2024-03-11T09:26:00,2024-03-11T16:10:45.554224,75,0.6,17.5,50,DC,standard,normal,2024-03-11T00:19:55.878009,Tesla Model 3
REQ-5F6CC608,EV-052,EMP-052,2024-03-11T08:38:00,2024-03-11T17:22:07.460872,77,0.17,32.8,50,DC,standard,normal,2024-03-11T00:20:37.822324,Hyundai Ioniq 5
REQ-8EBB012B,EV-049,EMP-049,2024-03-11T16:11:00,2024-03-11T21:00:00,82,0.15,58.9,50,DC,standard,normal,2024-03-11T14:30:41.285955,Tesla Model Y
REQ-FFF9EBF2,EV-013,EMP-013,2024-03-11T12:42:00,2024-03-11T18:42:11.113600,77,0.18,62.6,50,DC,standard,normal,2024-03-11T08:12:25.764116,VW ID.4
REQ-BA1B3E2D,EV-062,EMP-062,2024-03-11T09:44:00,2024-03-11T15:01:40.941321,52,0.32,32.7,22,AC,standard,normal,2024-03-11T08:01:10.690755,Renault Zoe
REQ-090F5726,EV-044,EMP-044,2024-03-11T16:54:00,2024-03-11T21:00:00,77,0.56,24.3,50,DC,standard,normal,2024-03-11T05:17:49.387527,Hyundai Ioniq 5
REQ-8BAC62E4,EV-063,EMP-063,2024-03-11T08:36:00,2024-03-11T14:08:10.668474,77,0.41,32.6,50,DC,standard,normal,2024-03-11T05:00:48.424725,Kia EV6
REQ-9E410746,EV-043,EMP-043,2024-03-11T14:39:00,2024-03-11T16:47:59.898248,42,0.67,8.6,22,AC,standard,normal,2024-03-11T07:07:52.267445,BMW i3
REQ-DD3111DA,EV-001,EMP-001,2024-03-11T09:03:00,2024-03-11T16:55:55.726580,82,0.22,38.8,50,DC,standard,normal,2024-03-11T04:38:09.971893,Tesla Model Y
REQ-39645DBC,EV-026,EMP-026,2024-03-11T14:24:00,2024-03-11T17:58:19.251545,40,0.11,34.7,22,AC,standard,normal,2024-03-11T05:37:08.908906,Nissan Leaf
REQ-AB203A39,EV-002,EMP-002,2024-03-11T10:30:00,2024-03-11T17:10:46.452165,40,0.52,14.3,22,AC,standard,normal,2024-03-11T08:55:47.591287,Nissan Leaf
REQ-9F845315,EV-075,EMP-075,2024-03-11T08:23:00,2024-03-11T12:10:47.562814,42,0.48,16.1,22,AC,standard,normal,2024-03-11T02:59:24.142154,BMW i3
REQ-B18749AC,EV-071,EMP-071,2024-03-11T11:39:00,2024-03-11T18:25:17.083439,77,0.28,34.7,50,DC,standard,normal,2024-03-11T08:56:07.010251,Kia EV6
REQ-341AA94A,EV-067,EMP-067,2024-03-11T08:04:00,2024-03-11T15:16:59.119456,42,0.22,19.9,22,AC,standard,normal,2024-03-10T23:14:02.180955,BMW i3
REQ-FDEA4F35,EV-025,EMP-025,2024-03-11T16:34:00,2024-03-11T20:11:20.964988,82,0.17,40.6,50,DC,emergency,normal,2024-03-11T14:00:11.120091,Tesla Model Y
REQ-03CDCF55,EV-005,EMP-005,2024-03-11T08:04:00,2024-03-11T11:37:26.405823,77,0.73,16.1,50,DC,standard,normal,2024-03-11T06:06:52.028992,VW ID.4
REQ-D2D2A976,EV-071,EMP-071,2024-03-11T13:58:00,2024-03-11T21:00:00,77,0.47,30.0,50,DC,standard,normal,2024-03-11T11:20:47.344046,Kia EV6
REQ-3E593984,EV-076,EMP-076,2024-03-11T08:52:00,2024-03-11T13:56:58.688056,77,0.63,20.0,50,DC,standard,normal,2024-03-11T01:07:40.947732,Hyundai Ioniq 5
REQ-803E9F0A,EV-007,EMP-007,2024-03-11T07:17:00,2024-03-11T13:00:16.669121,77,0.3,53.7,50,DC,priority,normal,2024-03-10T21:59:32.041363,Kia EV6
REQ-E2A0548B,EV-039,EMP-039,2024-03-11T12:34:00,2024-03-11T15:45:33.552701,77,0.44,31.3,50,DC,priority,normal,2024-03-11T02:10:29.100035,Kia EV6
REQ-864CE467,EV-006,EMP-006,2024-03-11T15:54:00,2024-03-11T21:00:00,52,0.5,22.6,22,AC,standard,normal,2024-03-11T13:00:37.580699,Renault Zoe
REQ-2621DF3E,EV-061,EMP-061,2024-03-11T08:19:00,2024-03-11T10:59:40.541521,77,0.21,160.7,50,DC,emergency,normal,2024-03-11T02:38:09.146629,VW ID.4
REQ-33101636,EV-062,EMP-062,2024-03-11T09:34:00,2024-03-11T12:48:09.858333,52,0.56,19.5,22,AC,standard,normal,2024-03-11T01:09:42.264309,Renault Zoe
REQ-6010BFCA,EV-011,EMP-011,2024-03-11T17:21:00,2024-03-11T21:00:00,42,0.53,19.1,22,AC,standard,normal,2024-03-11T10:35:15.117521,BMW i3
REQ-8BCE52B2,EV-039,EMP-039,2024-03-11T12:49:00,2024-03-11T20:30:59.041311,77,0.15,38.2,50,DC,priority,normal,2024-03-11T03:42:13.150306,Kia EV6
REQ-D5395061,EV-044,EMP-044,2024-03-11T09:34:00,2024-03-11T11:59:57.548771,77,0.55,29.4,50,DC,standard,normal,2024-03-11T03:18:40.451867,Hyundai Ioniq 5
REQ-9327F186,EV-022,EMP-022,2024-03-11T09:09:00,2024-03-11T10:56:56.241173,52,0.38,21.3,22,AC,standard,normal,2024-03-11T07:35:59.066893,Renault Zoe
REQ-92871021,EV-070,EMP-070,2024-03-11T17:30:00,2024-03-11T21:00:00,52,0.72,14.6,22,AC,standard,normal,2024-03-11T13:54:02.243525,Renault Zoe
REQ-077248B0,EV-034,EMP-034,2024-03-11T08:30:00,2024-03-11T13:31:43.522228,40,0.52,18.4,22,AC,emergency,normal,2024-03-11T01:16:07.353513,Nissan Leaf
REQ-EB100F03,EV-017,EMP-017,2024-03-11T11:59:00,2024-03-11T14:10:03.544970,82,0.33,36.6,50,DC,standard,normal,2024-03-11T01:37:09.849892,Tesla Model Y
REQ-F35589D8,EV-044,EMP-044,2024-03-11T08:23:00,2024-03-11T12:02:41.880475,77,0.71,20.2,50,DC,standard,normal,2024-03-11T02:39:10.207384,Hyundai Ioniq 5
REQ-3B249AB9,EV-059,EMP-059,2024-03-11T07:38:00,2024-03-11T16:24:34.987624,42,0.36,20.4,22,AC,standard,normal,2024-03-10T23:34:12.860000,BMW i3
REQ-42BC44A4,EV-017,EMP-017,2024-03-11T09:49:00,2024-03-11T12:43:24.728618,82,0.34,47.5,50,DC,standard,normal,2024-03-11T00:34:36.391807,Tesla Model Y
REQ-BB35A0F1,EV-025,EMP-025,2024-03-11T08:05:00,2024-03-11T16:32:27.164543,82,0.38,43.2,50,DC,emergency,normal,2024-03-10T20:23:31.721825,Tesla Model Y
REQ-1004FBA6,EV-080,EMP-080,2024-03-11T11:28:00,2024-03-11T14:09:16.210423,75,0.46,31.4,50,DC,standard,normal,2024-03-10T23:33:20.554429,Tesla Model 3
REQ-B7DC8E63,EV-052,EMP-052,2024-03-11T13:55:00,2024-03-11T16:17:51.586025,77,0.64,20.8,50,DC,standard,normal,2024-03-11T07:33:52.698576,Hyundai Ioniq 5
REQ-63ECB0A4,EV-036,EMP-036,2024-03-11T08:40:00,2024-03-11T17:31:06.605080,77,0.26,44.2,50,DC,standard,normal,2024-03-10T21:33:54.658593,Hyundai Ioniq 5
REQ-3329FE89,EV-042,EMP-042,2024-03-11T10:45:00,2024-03-11T18:43:48.727230,40,0.28,25.8,22,AC,standard,normal,2024-03-10T23:30:22.116502,Nissan Leaf
REQ-005AD574,EV-010,EMP-010,2024-03-11T10:38:00,2024-03-11T14:15:16.652549,40,0.29,22.5,22,AC,standard,normal,2024-03-11T04:30:08.889648,Nissan Leaf
REQ-DC41FAA9,EV-018,EMP-018,2024-03-11T08:04:00,2024-03-11T12:09:18.346426,40,0.46,16.7,22,AC,standard,normal,2024-03-11T03:51:58.417701,Nissan Leaf
REQ-A740BAF8,EV-028,EMP-028,2024-03-11T08:23:00,2024-03-11T14:10:18.536334,77,0.25,347.3,50,DC,standard,normal,2024-03-10T23:19:09.206725,Hyundai Ioniq 5
REQ-54E07DB5,EV-048,EMP-048,2024-03-11T12:37:00,2024-03-11T17:00:44.126317,75,0.53,32.1,50,DC,standard,normal,2024-03-11T06:25:13.393906,Tesla Model 3
REQ-ACAEA753,EV-019,EMP-019,2024-03-11T08:00:00,2024-03-11T13:55:34.871591,42,0.67,13.0,22,AC,priority,normal,2024-03-11T01:27:05.625006,BMW i3
REQ-97ECE609,EV-018,EMP-018,2024-03-11T10:26:00,2024-03-11T15:00:29.422733,40,0.53,10.9,22,AC,standard,normal,2024-03-10T22:47:14.969694,Nissan Leaf
REQ-6B3DD36A,EV-006,EMP-006,2024-03-11T08:23:00,2024-03-11T14:45:25.589620,52,0.65,16.9,22,AC,standard,normal,2024-03-11T03:30:47.610943,Renault Zoe
REQ-CF3CB80C,EV-051,EMP-051,2024-03-11T08:26:00,2024-03-11T15:37:43.848852,42,0.67,7.2,22,AC,standard,normal,2024-03-11T00:40:29.933902,BMW i3
REQ-1C76F4FC,EV-019,EMP-019,2024-03-11T17:59:00,2024-03-11T21:00:00,42,0.38,14.3,22,AC,priority,normal,2024-03-11T07:26:55.219770,BMW i3
REQ-AEAF4E17,EV-073,EMP-073,2024-03-11T10:23:00,2024-03-11T18:39:32.449675,82,0.13,64.1,50,DC,priority,normal,2024-03-11T05:34:21.578883,Tesla Model Y
REQ-4F1FA6B5,EV-069,EMP-069,2024-03-11T08:03:00,2024-03-11T13:47:40.057672,77,0.62,17.1,50,DC,standard,normal,2024-03-10T21:32:07.240616,VW ID.4
REQ-EE2724BC,EV-006,EMP-006,2024-03-11T11:28:00,2024-03-11T19:48:46.383433,52,0.19,30.8,22,AC,standard,normal,2024-03-11T08:01:49.474282,Renault Zoe
REQ-4CABD50A,EV-020,EMP-020,2024-03-11T08:36:00,2024-03-11T16:51:32.654437,77,0.54,20.5,50,DC,standard,normal,2024-03-11T04:07:33.583148,Hyundai Ioniq 5
REQ-6C1C8860,EV-054,EMP-054,2024-03-11T10:16:00,2024-03-11T14:56:56.341338,52,0.26,35.5,22,AC,priority,normal,2024-03-11T05:20:33.699493,Renault Zoe
REQ-C048A94C,EV-018,EMP-018,2024-03-11T09:28:00,2024-03-11T15:15:21.912693,40,0.47,21.1,22,AC,standard,normal,2024-03-10T21:43:13.098339,Nissan Leaf
REQ-BC555EFB,EV-011,EMP-011,2024-03-11T11:32:00,2024-03-11T17:16:40.083458,42,0.55,151.7,22,AC,standard,normal,2024-03-11T04:03:34.771187,BMW i3
REQ-ADD376FD,EV-075,EMP-075,2024-03-11T10:48:00,2024-03-11T14:26:47.242089,42,0.62,12.8,22,AC,standard,normal,2024-03-11T02:58:44.019851,BMW i3
REQ-493C474F,EV-046,EMP-046,2024-03-11T12:21:00,2024-03-11T19:15:25.066170,52,0.53,22.5,22,AC,standard,normal,2024-03-11T01:27:39.086651,Renault Zoe
REQ-82F03C95,EV-038,EMP-038,2024-03-11T11:37:00,2024-03-11T16:25:22.226134,52,0.48,23.4,22,AC,standard,normal,2024-03-11T07:43:22.427303,Renault Zoe
REQ-60A7A4CA,EV-063,EMP-063,2024-03-11T11:21:00,2024-03-11T13:50:28.314539,77,0.45,41.7,50,DC,standard,normal,2024-03-11T00:20:41.639256,Kia EV6
REQ-1465FB80,EV-065,EMP-065,2024-03-11T13:30:00,2024-03-11T21:00:00,82,0.41,43.7,50,DC,priority,normal,2024-03-11T09:06:17.188493,Tesla Model Y
REQ-561F84AE,EV-016,EMP-016,2024-03-11T08:55:00,2024-03-11T11:28:20.439405,75,0.73,18.8,50,DC,standard,normal,2024-03-10T21:08:50.391149,Tesla Model 3
REQ-1F3C1178,EV-008,EMP-008,2024-03-11T17:24:00,2024-03-11T21:00:00,75,0.61,14.8,50,DC,standard,normal,2024-03-11T11:40:11.858452,Tesla Model 3
REQ-07886A8C,EV-035,EMP-035,2024-03-11T12:20:00,2024-03-11T18:13:03.122475,42,0.63,15.1,22,AC,standard,normal,2024-03-11T09:08:39.773248,BMW i3
REQ-C37A06B7,EV-034,EMP-034,2024-03-11T08:46:00,2024-03-11T14:28:37.999321,40,0.69,7.6,22,AC,emergency,normal,2024-03-10T22:47:32.388452,Nissan Leaf
REQ-70B18468,EV-038,EMP-038,2024-03-11T13:36:00,2024-03-11T18:09:43.988106,52,0.19,41.0,22,AC,standard,normal,2024-03-11T07:26:05.340774,Renault Zoe
REQ-EA5E0B31,EV-059,EMP-059,2024-03-11T08:46:00,2024-03-11T11:17:02.929315,42,0.39,21.4,22,AC,standard,normal,2024-03-10T21:23:16.672849,BMW i3
REQ-B8188F50,EV-054,EMP-054,2024-03-11T10:29:00,2024-03-11T13:08:32.118365,52,0.37,18.0,22,AC,priority,normal,2024-03-11T05:17:24.002332,Renault Zoe
REQ-CE501487,EV-079,EMP-079,2024-03-11T15:05:00,2024-03-11T19:21:44.308886,77,0.39,45.8,50,DC,standard,normal,2024-03-11T13:26:26.718541,Kia EV6
REQ-6B6476D3,EV-008,EMP-008,2024-03-11T12:05:00,2024-03-11T20:55:01.748295,75,0.33,35.1,50,DC,standard,normal,2024-03-11T10:10:42.587630,Tesla Model 3
REQ-1BA62E8E,EV-033,EMP-033,2024-03-11T13:54:00,2024-03-11T20:22:14.755928,82,0.52,388.2,50,DC,standard,normal,2024-03-11T04:21:06.703955,Tesla Model Y
REQ-008CFC1E,EV-028,EMP-028,2024-03-11T07:15:00,2024-03-11T12:59:03.605350,77,0.14,58.4,50,DC,standard,normal,2024-03-11T04:15:59.614031,Hyundai Ioniq 5
REQ-ED45E98C,EV-069,EMP-069,2024-03-11T13:39:00,2024-03-11T16:15:23.962858,77,0.69,12.0,50,DC,standard,normal,2024-03-11T11:29:09.917615,VW ID.4
REQ-2051B9D0,EV-020,EMP-020,2024-03-11T07:30:00,2024-03-11T10:18:31.422264,77,0.53,168.5,50,DC,standard,normal,2024-03-10T21:54:54.634901,Hyundai Ioniq 5
REQ-F9975286,EV-016,EMP-016,2024-03-11T07:38:00,2024-03-11T10:26:24.647438,75,0.13,56.8,50,DC,standard,normal,2024-03-10T22:33:29.457614,Tesla Model 3
REQ-374DF38D,EV-036,EMP-036,2024-03-11T10:33:00,2024-03-11T15:53:57.424855,77,0.17,48.1,50,DC,standard,normal,2024-03-11T09:33:04.687472,Hyundai Ioniq 5
REQ-94C87849,EV-034,EMP-034,2024-03-11T12:44:00,2024-03-11T18:08:39.182797,40,0.4,23.6,22,AC,emergency,normal,2024-03-11T06:43:30.148885,Nissan Leaf
REQ-BFD7F15A,EV-023,EMP-023,2024-03-11T10:22:00,2024-03-11T15:32:37.259062,77,0.69,12.8,50,DC,standard,normal,2024-03-11T02:52:16.486662,Kia EV6
REQ-70D046A9,EV-020,EMP-020,2024-03-11T07:33:00,2024-03-11T13:47:53.071556,77,0.46,27.6,50,DC,standard,normal,2024-03-11T00:56:54.946930,Hyundai Ioniq 5
REQ-A64CB128,EV-074,EMP-074,2024-03-11T10:12:00,2024-03-11T12:26:37.818465,40,0.56,16.3,22,AC,standard,normal,2024-03-11T00:51:24.942974,Nissan Leaf
REQ-95396B95,EV-036,EMP-036,2024-03-11T11:25:00,2024-03-11T16:18:11.982731,77,0.25,38.7,50,DC,standard,normal,2024-03-11T06:07:58.028479,Hyundai Ioniq 5
REQ-E1723D45,EV-069,EMP-069,2024-03-11T07:51:00,2024-03-11T14:20:17.912303,77,0.34,29.3,50,DC,standard,normal,2024-03-11T06:34:40.681043,VW ID.4
REQ-2A07CE50,EV-045,EMP-045,2024-03-11T13:11:00,2024-03-11T15:24:27.239679,77,0.58,29.3,50,DC,standard,normal,2024-03-11T05:56:20.345575,VW ID.4
REQ-F4FED7AB,EV-005,EMP-005,2024-03-11T09:39:00,2024-03-11T12:04:00.244705,77,0.33,43.0,50,DC,standard,normal,2024-03-10T23:10:00.985037,VW ID.4
REQ-C30A5AFB,EV-080,EMP-080,2024-03-11T12:56:00,2024-03-11T18:56:11.072463,75,0.33,39.6,50,DC,standard,normal,2024-03-11T04:52:51.117056,Tesla Model 3
REQ-39883064,EV-067,EMP-067,2024-03-11T07:12:00,2024-03-11T15:02:25.082302,42,0.34,24.4,22,AC,standard,normal,2024-03-10T21:25:01.035234,BMW i3
REQ-DF1FAF87,EV-078,EMP-078,2024-03-11T14:56:00,2024-03-11T21:00:00,52,0.5,160.2,22,AC,standard,normal,2024-03-11T03:44:55.910353,Renault Zoe
REQ-798EC52F,EV-075,EMP-075,2024-03-11T13:32:00,2024-03-11T16:23:11.233943,42,0.56,12.1,22,AC,standard,normal,2024-03-11T12:57:47.220319,BMW i3
REQ-6C34B69F,EV-068,EMP-068,2024-03-11T14:07:00,2024-03-11T18:37:21.177288,77,0.19,270.4,50,DC,standard,normal,2024-03-11T05:02:10.973053,Hyundai Ioniq 5
REQ-7695CFA1,EV-014,EMP-014,2024-03-11T07:50:00,2024-03-11T11:53:24.191508,52,0.34,29.5,22,AC,standard,normal,2024-03-11T00:48:21.626756,Renault Zoe
REQ-6C103055,EV-039,EMP-039,2024-03-11T07:06:00,2024-03-11T09:46:50.067222,77,0.5,32.2,50,DC,priority,normal,2024-03-10T22:59:15.738118,Kia EV6
REQ-54DCD145,EV-018,EMP-018,2024-03-11T09:53:00,2024-03-11T13:25:55.504798,40,0.59,9.1,22,AC,standard,normal,2024-03-11T06:07:33.596139,Nissan Leaf
REQ-1502C627,EV-033,EMP-033,2024-03-11T11:58:00,2024-03-11T18:28:12.579086,82,0.13,49.8,50,DC,standard,normal,2024-03-11T11:22:41.754644,Tesla Model Y
REQ-A233E4D1,EV-005,EMP-005,2024-03-11T07:25:00,2024-03-11T09:56:45.339742,77,0.27,151.8,50,DC,standard,normal,2024-03-10T22:19:33.615290,VW ID.4
REQ-047CFE56,EV-031,EMP-031,2024-03-11T07:45:00,2024-03-11T14:31:39.124111,77,0.43,40.2,50,DC,priority,normal,2024-03-11T06:25:16.074441,Kia EV6
REQ-F2318357,EV-079,EMP-079,2024-03-11T13:05:00,2024-03-11T14:43:26.021488,77,0.7,21.5,50,DC,standard,normal,2024-03-11T05:59:21.253211,Kia EV6
REQ-3A13D32B,EV-022,EMP-022,2024-03-11T11:50:00,2024-03-11T14:11:49.681062,52,0.11,30.7,22,AC,standard,normal,2024-03-11T04:13:29.614099,Renault Zoe
REQ-CB48CD0C,EV-063,EMP-063,2024-03-11T14:50:00,2024-03-11T16:59:39.506795,77,0.65,16.8,50,DC,standard,normal,2024-03-11T08:18:27.950720,Kia EV6
REQ-3D6A9AD0,EV-037,EMP-037,2024-03-11T09:37:00,2024-03-11T13:39:46.858591,77,0.32,30.6,50,DC,priority,normal,2024-03-11T07:48:19.297111,VW ID.4
REQ-2F7B632B,EV-034,EMP-034,2024-03-11T10:48:00,2024-03-11T14:55:13.132168,40,0.57,15.6,22,AC,emergency,normal,2024-03-11T07:34:58.469654,Nissan Leaf
REQ-D46EE282,EV-077,EMP-077,2024-03-11T07:23:00,2024-03-11T13:24:04.772602,77,0.59,26.1,50,DC,priority,normal,2024-03-10T21:59:44.089105,VW ID.4
REQ-7C1239C6,EV-080,EMP-080,2024-03-11T10:30:00,2024-03-11T17:41:56.683039,75,0.39,44.0,50,DC,standard,normal,2024-03-11T02:41:38.649591,Tesla Model 3
REQ-66BA6BE0,EV-045,EMP-045,2024-03-11T12:43:00,2024-03-11T18:55:14.869986,77,0.2,32.9,50,DC,standard,normal,2024-03-11T08:44:03.233985,VW ID.4
REQ-A0418577,EV-058,EMP-058,2024-03-11T07:06:00,2024-03-11T12:24:18.095903,40,0.3,20.3,22,AC,standard,normal,2024-03-10T21:02:07.759449,Nissan Leaf
REQ-C62D6D30,EV-013,EMP-013,2024-03-11T08:43:00,2024-03-11T16:37:52.921029,77,0.5,29.0,50,DC,standard,normal,2024-03-11T01:50:31.302227,VW ID.4
REQ-8C55C8BF,EV-024,EMP-024,2024-03-11T12:47:00,2024-03-11T17:39:22.809999,75,0.63,22.9,50,DC,standard,normal,2024-03-11T06:48:48.958243,Tesla Model 3
REQ-4730D1D4,EV-078,EMP-078,2024-03-11T07:07:00,2024-03-11T09:23:34.550686,52,0.68,11.2,22,AC,standard,normal,2024-03-11T00:48:51.671338,Renault Zoe
REQ-4ABB6840,EV-047,EMP-047,2024-03-11T07:29:00,2024-03-11T12:15:59.473406,77,0.39,35.8,50,DC,standard,normal,2024-03-11T02:41:43.927941,Kia EV6
REQ-4047366B,EV-044,EMP-044,2024-03-11T07:49:00,2024-03-11T11:51:15.912965,77,0.49,35.1,50,DC,standard,normal,2024-03-11T06:33:31.249233,Hyundai Ioniq 5
REQ-16A069A1,EV-060,EMP-060,2024-03-11T08:21:00,2024-03-11T11:58:51.968295,77,0.57,27.4,50,DC,standard,normal,2024-03-10T21:48:26.221991,Hyundai Ioniq 5
REQ-11B6B06E,EV-005,EMP-005,2024-03-11T08:09:00,2024-03-11T10:42:38.566276,77,0.33,50.8,50,DC,standard,normal,2024-03-11T03:08:32.939449,VW ID.4
REQ-DBB88776,EV-047,EMP-047,2024-03-11T10:52:00,2024-03-11T14:41:18.710960,77,0.34,45.5,50,DC,standard,normal,2024-03-11T02:39:37.181040,Kia EV6
REQ-2C8E1713,EV-041,EMP-041,2024-03-11T14:28:00,2024-03-11T21:00:00,82,0.44,37.8,50,DC,standard,normal,2024-03-11T09:48:20.316811,Tesla Model Y
REQ-1321278A,EV-069,EMP-069,2024-03-11T09:21:00,2024-03-11T12:27:23.201853,77,0.72,16.0,50,DC,standard,normal,2024-03-11T07:16:04.794378,VW ID.4
REQ-DF115294,EV-013,EMP-013,2024-03-11T08:41:00,2024-03-11T10:56:30.800619,77,0.6,28.3,50,DC,standard,normal,2024-03-11T07:44:57.253816,VW ID.4
REQ-90122A07,EV-077,EMP-077,2024-03-11T08:31:00,2024-03-11T10:59:58.324119,77,0.34,29.5,50,DC,priority,normal,2024-03-10T23:08:56.550512,VW ID.4
REQ-3D737624,EV-007,EMP-007,2024-03-11T13:19:00,2024-03-11T18:05:57.181939,77,0.37,40.7,50,DC,priority,normal,2024-03-11T07:42:30.173414,Kia EV6
REQ-A2B6B3D8,EV-015,EMP-015,2024-03-11T08:29:00,2024-03-11T13:21:01.055002,77,0.45,27.7,50,DC,standard,normal,2024-03-11T02:35:22.753952,Kia EV6
REQ-D7CC52A6,EV-048,EMP-048,2024-03-11T13:44:00,2024-03-11T21:00:00,75,0.74,14.3,50,DC,standard,normal,2024-03-11T08:50:30.481225,Tesla Model 3
REQ-866F71F3,EV-055,EMP-055,2024-03-11T10:55:00,2024-03-11T18:32:36.063469,77,0.62,16.7,50,DC,standard,normal,2024-03-11T03:02:35.187901,Kia EV6
REQ-E10B5916,EV-019,EMP-019,2024-03-11T14:06:00,2024-03-11T16:22:09.922757,42,0.65,13.6,22,AC,priority,normal,2024-03-11T04:49:26.963226,BMW i3
REQ-4171C598,EV-010,EMP-010,2024-03-11T08:48:00,2024-03-11T11:24:18.413712,40,0.38,24.1,22,AC,standard,normal,2024-03-11T03:06:43.301205,Nissan Leaf
REQ-58846752,EV-072,EMP-072,2024-03-11T07:03:00,2024-03-11T08:56:57.935954,75,0.43,26.4,50,DC,priority,normal,2024-03-11T02:14:18.615321,Tesla Model 3
REQ-FAF1323A,EV-020,EMP-020,2024-03-11T08:51:00,2024-03-11T16:38:37.759766,77,0.52,33.1,50,DC,standard,normal,2024-03-11T05:03:03.192951,Hyundai Ioniq 5
REQ-9189109F,EV-048,EMP-048,2024-03-11T14:23:00,2024-03-11T16:55:27.402679,75,0.56,152.5,50,DC,standard,normal,2024-03-11T12:58:20.053069,Tesla Model 3
REQ-6662E8E0,EV-050,EMP-050,2024-03-11T08:40:00,2024-03-11T14:16:57.714627,40,0.57,13.1,22,AC,standard,normal,2024-03-11T04:51:12.594669,Nissan Leaf
REQ-A9227C86,EV-034,EMP-034,2024-03-11T07:05:00,2024-03-11T11:43:55.289681,40,0.62,11.1,22,AC,emergency,normal,2024-03-10T20:10:26.918934,Nissan Leaf
REQ-4A5D4DAE,EV-047,EMP-047,2024-03-11T09:01:00,2024-03-11T14:22:55.144716,77,0.26,32.6,50,DC,standard,normal,2024-03-11T01:26:46.883273,Kia EV6
REQ-2B49D088,EV-042,EMP-042,2024-03-11T07:49:00,2024-03-11T14:17:58.025147,40,0.16,33.2,22,AC,standard,normal,2024-03-11T01:16:01.138964,Nissan Leaf
REQ-E82B7232,EV-075,EMP-075,2024-03-11T10:58:00,2024-03-11T16:37:22.102715,42,0.35,20.1,22,AC,standard,normal,2024-03-10T23:11:04.967906,BMW i3
REQ-32F1D7A3,EV-017,EMP-017,2024-03-11T07:01:00,2024-03-11T14:25:50.040440,82,0.32,48.3,50,DC,standard,normal,2024-03-10T21:38:39.843112,Tesla Model Y
REQ-53F7A161,EV-058,EMP-058,2024-03-11T11:39:00,2024-03-11T13:28:57.063584,40,0.45,19.9,22,AC,standard,normal,2024-03-11T02:11:23.496630,Nissan Leaf
REQ-0CDBF797,EV-020,EMP-020,2024-03-11T10:23:00,2024-03-11T16:37:16.867889,77,0.63,15.1,50,DC,standard,normal,2024-03-11T04:37:12.065494,Hyundai Ioniq 5
REQ-9A777FF0,EV-032,EMP-032,2024-03-11T07:05:00,2024-03-11T10:04:45.685510,75,0.13,63.1,50,DC,standard,normal,2024-03-10T19:12:30.320125,Tesla Model 3
REQ-F00FEDEA,EV-054,EMP-054,2024-03-11T09:30:00,2024-03-11T16:38:58.854808,52,0.22,27.5,22,AC,priority,normal,2024-03-10T23:02:35.951329,Renault Zoe
REQ-04874532,EV-024,EMP-024,2024-03-11T07:14:00,2024-03-11T11:29:36.517706,75,0.68,20.9,50,DC,standard,normal,2024-03-11T02:17:12.906594,Tesla Model 3
REQ-18558417,EV-026,EMP-026,2024-03-11T16:29:00,2024-03-11T21:00:00,40,0.7,9.1,22,AC,standard,normal,2024-03-11T07:37:18.833172,Nissan Leaf
REQ-5AB1F656,EV-061,EMP-061,2024-03-11T08:12:00,2024-03-11T15:52:03.214548,77,0.45,28.0,50,DC,emergency,normal,2024-03-11T00:05:57.944232,VW ID.4
REQ-66A71693,EV-006,EMP-006,2024-03-11T08:12:00,2024-03-11T12:53:45.133968,52,0.55,124.0,22,AC,standard,normal,2024-03-10T21:41:40.460953,Renault Zoe
REQ-481E4829,EV-037,EMP-037,2024-03-11T10:59:00,2024-03-11T14:32:32.994722,77,0.74,19.5,50,DC,priority,normal,2024-03-11T03:09:06.980932,VW ID.4
REQ-E3A75C8D,EV-080,EMP-080,2024-03-11T10:36:00,2024-03-11T17:11:44.086411,75,0.72,12.0,50,DC,standard,normal,2024-03-11T01:06:53.684453,Tesla Model 3
REQ-4C95180D,EV-080,EMP-080,2024-03-11T07:08:00,2024-03-11T14:28:19.915085,75,0.34,34.2,50,DC,standard,normal,2024-03-10T23:40:29.074085,Tesla Model 3
REQ-B139766E,EV-006,EMP-006,2024-03-11T12:53:00,2024-03-11T17:10:24.361219,52,0.6,16.4,22,AC,standard,normal,2024-03-11T07:48:21.390498,Renault Zoe
REQ-FB5D868B,EV-018,EMP-018,2024-03-11T11:29:00,2024-03-11T13:50:03.112540,40,0.58,12.6,22,AC,standard,normal,2024-03-11T04:31:26.749775,Nissan Leaf
REQ-23E69BBC,EV-022,EMP-022,2024-03-11T07:31:00,2024-03-11T12:21:49.374035,52,0.75,8.4,22,AC,standard,normal,2024-03-11T01:22:04.311916,Renault Zoe
REQ-6266E3D1,EV-075,EMP-075,2024-03-11T08:42:00,2024-03-11T13:35:25.152502,42,0.68,9.7,22,AC,standard,normal,2024-03-11T00:21:28.128626,BMW i3
REQ-D6B7785F,EV-071,EMP-071,2024-03-11T13:38:00,2024-03-11T17:44:20.482958,77,0.14,51.1,50,DC,standard,normal,2024-03-11T03:20:33.611099,Kia EV6
REQ-BEB11BBC,EV-071,EMP-071,2024-03-11T12:51:00,2024-03-11T19:07:57.900609,77,0.62,22.1,50,DC,standard,normal,2024-03-11T10:02:19.412633,Kia EV6
REQ-9A224DBD,EV-030,EMP-030,2024-03-11T08:34:00,2024-03-11T10:15:49.668724,52,0.46,19.2,22,AC,standard,normal,2024-03-11T01:43:21.816935,Renault Zoe
REQ-3D4DAA1D,EV-013,EMP-013,2024-03-11T11:10:00,2024-03-11T14:59:10.849373,77,0.75,16.5,50,DC,standard,normal,2024-03-11T01:49:16.587614,VW ID.4
REQ-9202F40E,EV-067,EMP-067,2024-03-11T13:08:00,2024-03-11T21:00:00,42,0.52,14.6,22,AC,standard,normal,2024-03-11T08:40:17.088079,BMW i3
REQ-1157B2FF,EV-057,EMP-057,2024-03-11T14:33:00,2024-03-11T20:50:54.436093,82,0.22,62.9,50,DC,standard,normal,2024-03-11T03:34:36.511983,Tesla Model Y
REQ-24416F14,EV-049,EMP-049,2024-03-11T07:14:00,2024-03-11T09:52:51.417604,82,0.21,42.8,50,DC,standard,normal,2024-03-11T02:45:14.644391,Tesla Model Y
REQ-8E20BA07,EV-079,EMP-079,2024-03-11T17:41:00,2024-03-11T21:00:00,77,0.26,46.6,50,DC,standard,normal,2024-03-11T15:44:37.949782,Kia EV6
REQ-FD4C88C0,EV-053,EMP-053,2024-03-11T08:04:00,2024-03-11T13:20:09.474908,77,0.21,59.1,50,DC,standard,normal,2024-03-10T23:59:28.459042,VW ID.4
REQ-662932A8,EV-001,EMP-001,2024-03-11T12:12:00,2024-03-11T20:01:08.310111,82,0.47,469.1,50,DC,standard,normal,2024-03-11T11:10:37.881344,Tesla Model Y
REQ-BA6DC772,EV-066,EMP-066,2024-03-11T12:09:00,2024-03-11T18:32:00.509392,40,0.6,11.3,22,AC,standard,normal,2024-03-11T05:55:21.224310,Nissan Leaf
REQ-F7B9D7F8,EV-024,EMP-024,2024-03-11T11:34:00,2024-03-11T20:14:29.554589,75,0.41,39.9,50,DC,standard,normal,2024-03-11T07:38:46.237723,Tesla Model 3
REQ-FF8CF58C,EV-054,EMP-054,2024-03-11T07:07:00,2024-03-11T11:54:49.348498,52,0.41,18.5,22,AC,priority,normal,2024-03-11T03:01:19.084531,Renault Zoe
REQ-48ED4D11,EV-076,EMP-076,2024-03-11T12:28:00,2024-03-11T20:25:20.988875,77,0.73,11.8,50,DC,standard,normal,2024-03-11T05:30:27.639668,Hyundai Ioniq 5
REQ-62BC77E2,EV-011,EMP-011,2024-03-11T07:55:00,2024-03-11T11:25:21.735210,42,0.26,17.0,22,AC,standard,normal,2024-03-11T02:59:56.196893,BMW i3
REQ-8B2B35D9,EV-010,EMP-010,2024-03-11T11:29:00,2024-03-11T19:28:23.302546,40,0.2,21.2,22,AC,standard,normal,2024-03-11T07:23:13.602276,Nissan Leaf
REQ-000FB0D1,EV-009,EMP-009,2024-03-11T11:59:00,2024-03-11T17:20:37.570659,82,0.42,321.6,50,DC,standard,normal,2024-03-11T00:36:47.361912,Tesla Model Y
REQ-77ACABD8,EV-045,EMP-045,2024-03-11T10:56:00,2024-03-11T14:02:48.899408,77,0.33,27.1,50,DC,standard,normal,2024-03-11T00:17:11.145678,VW ID.4
REQ-3811074F,EV-022,EMP-022,2024-03-11T11:56:00,2024-03-11T17:27:30.650231,52,0.65,13.0,22,AC,standard,normal,2024-03-11T03:04:01.166177,Renault Zoe
REQ-989DBCDA,EV-049,EMP-049,2024-03-11T11:43:00,2024-03-11T16:13:15.703767,82,0.47,26.0,50,DC,standard,normal,2024-03-11T10:22:15.785561,Tesla Model Y
REQ-4AFC356B,EV-022,EMP-022,2024-03-12T14:26:00,2024-03-12T18:54:10.615169,52,0.63,16.8,22,AC,standard,high_demand,2024-03-12T13:24:45.002167,Renault Zoe
REQ-64462EB3,EV-010,EMP-010,2024-03-12T07:07:00,2024-03-12T16:04:21.338833,40,0.71,6.2,22,AC,standard,high_demand,2024-03-12T06:15:06.176340,Nissan Leaf
REQ-FEC5F3FE,EV-055,EMP-055,2024-03-12T10:32:00,2024-03-12T17:46:37.347439,77,0.74,16.5,50,DC,standard,high_demand,2024-03-11T22:36:55.736819,Kia EV6
REQ-33D89CC5,EV-031,EMP-031,2024-03-12T10:44:00,2024-03-12T19:02:02.717411,77,0.34,42.8,50,DC,priority,high_demand,2024-03-12T04:01:52.969074,Kia EV6
REQ-946F5DAA,EV-079,EMP-079,2024-03-12T11:41:00,2024-03-12T14:31:18.787983,77,0.45,32.4,50,DC,standard,high_demand,2024-03-12T08:37:20.625059,Kia EV6
REQ-1A738FBE,EV-066,EMP-066,2024-03-12T07:02:00,2024-03-12T10:46:15.800695,40,0.54,14.2,22,AC,standard,high_demand,2024-03-11T21:03:52.877893,Nissan Leaf
REQ-E115B486,EV-077,EMP-077,2024-03-12T07:41:00,2024-03-12T11:15:02.542650,77,0.71,19.3,50,DC,priority,high_demand,2024-03-11T21:52:27.603201,VW ID.4
REQ-D24A1831,EV-065,EMP-065,2024-03-12T10:31:00,2024-03-12T18:38:41.428790,82,0.11,44.0,50,DC,priority,high_demand,2024-03-12T09:37:49.942184,Tesla Model Y
REQ-34AE317D,EV-024,EMP-024,2024-03-12T10:24:00,2024-03-12T12:15:54.260674,75,0.58,22.1,50,DC,standard,high_demand,2024-03-12T07:24:05.054699,Tesla Model 3
REQ-FFA0DA01,EV-024,EMP-024,2024-03-12T13:06:00,2024-03-12T18:22:45.187921,75,0.29,48.3,50,DC,standard,high_demand,2024-03-12T08:55:57.386970,Tesla Model 3
REQ-97581753,EV-058,EMP-058,2024-03-12T10:20:00,2024-03-12T14:14:17.958116,40,0.3,16.0,22,AC,standard,high_demand,2024-03-12T07:17:28.830546,Nissan Leaf
REQ-9D7142EC,EV-028,EMP-028,2024-03-12T07:07:00,2024-03-12T15:43:50.046886,77,0.67,24.3,50,DC,standard,high_demand,2024-03-12T01:42:13.895893,Hyundai Ioniq 5
REQ-55C4DBFF,EV-036,EMP-036,2024-03-12T10:56:00,2024-03-12T19:29:42.833065,77,0.54,31.6,50,DC,standard,high_demand,2024-03-12T05:38:44.160176,Hyundai Ioniq 5
REQ-FE456AA8,EV-021,EMP-021,2024-03-12T07:45:00,2024-03-12T14:54:29.234625,77,0.41,42.0,50,DC,priority,high_demand,2024-03-11T23:06:46.320584,VW ID.4
REQ-47CEA814,EV-039,EMP-039,2024-03-12T14:49:00,2024-03-12T20:32:04.420639,77,0.73,16.2,50,DC,priority,high_demand,2024-03-12T11:31:25.657434,Kia EV6
REQ-E27D555A,EV-017,EMP-017,2024-03-12T08:17:00,2024-03-12T16:42:00.104822,82,0.65,15.7,50,DC,standard,high_demand,2024-03-12T05:35:34.060997,Tesla Model Y
REQ-026B157D,EV-044,EMP-044,2024-03-12T08:20:00,2024-03-12T14:21:18.895215,77,0.67,15.1,50,DC,standard,high_demand,2024-03-11T23:30:13.763070,Hyundai Ioniq 5
REQ-30EAD4AF,EV-075,EMP-075,2024-03-12T09:57:00,2024-03-12T17:58:15.793991,42,0.32,211.8,22,AC,standard,high_demand,2024-03-11T22:40:21.585803,BMW i3
REQ-A863ED4B,EV-056,EMP-056,2024-03-12T15:21:00,2024-03-12T21:00:00,75,0.41,27.5,50,DC,standard,high_demand,2024-03-12T12:29:53.155881,Tesla Model 3
REQ-BCDF5166,EV-011,EMP-011,2024-03-12T14:06:00,2024-03-12T21:00:00,42,0.35,20.9,22,AC,standard,high_demand,2024-03-12T10:35:31.348626,BMW i3
REQ-A99A260D,EV-050,EMP-050,2024-03-12T09:59:00,2024-03-12T12:13:22.422252,40,0.74,7.6,22,AC,standard,high_demand,2024-03-11T22:58:06.717346,Nissan Leaf
REQ-590E4A87,EV-047,EMP-047,2024-03-12T09:49:00,2024-03-12T15:32:08.167642,77,0.24,33.5,50,DC,standard,high_demand,2024-03-11T22:34:01.008438,Kia EV6
REQ-1AFFD820,EV-020,EMP-020,2024-03-12T09:50:00,2024-03-12T12:28:35.108075,77,0.31,36.7,50,DC,standard,high_demand,2024-03-12T03:35:28.918630,Hyundai Ioniq 5
REQ-9DBD008D,EV-054,EMP-054,2024-03-12T12:22:00,2024-03-12T15:47:47.822456,52,0.63,18.9,22,AC,priority,high_demand,2024-03-12T06:13:29.342881,Renault Zoe
REQ-17272D13,EV-043,EMP-043,2024-03-12T08:35:00,2024-03-12T11:21:10.174193,42,0.57,13.4,22,AC,standard,high_demand,2024-03-12T01:50:55.534188,BMW i3
REQ-8C11A3D0,EV-052,EMP-052,2024-03-12T11:07:00,2024-03-12T12:52:13.241443,77,0.65,26.2,50,DC,standard,high_demand,2024-03-12T01:49:36.371876,Hyundai Ioniq 5
REQ-44A2B3E2,EV-005,EMP-005,2024-03-12T10:41:00,2024-03-12T13:55:08.701586,77,0.56,17.1,50,DC,standard,high_demand,2024-03-12T05:53:29.491323,VW ID.4
REQ-F8FE1A15,EV-034,EMP-034,2024-03-12T12:20:00,2024-03-12T18:27:26.022749,40,0.41,161.7,22,AC,emergency,high_demand,2024-03-12T05:29:21.956578,Nissan Leaf
REQ-AED23965,EV-058,EMP-058,2024-03-12T08:03:00,2024-03-12T11:36:37.999904,40,0.74,5.3,22,AC,standard,high_demand,2024-03-11T23:47:55.035782,Nissan Leaf
REQ-7A417671,EV-009,EMP-009,2024-03-12T14:49:00,2024-03-12T17:07:09.443575,82,0.16,39.6,50,DC,standard,high_demand,2024-03-12T08:15:44.722204,Tesla Model Y
REQ-43AB0C7B,EV-062,EMP-062,2024-03-12T13:32:00,2024-03-12T18:00:36.203407,52,0.34,24.1,22,AC,standard,high_demand,2024-03-12T01:38:44.352490,Renault Zoe
REQ-F5AEB2E6,EV-001,EMP-001,2024-03-12T08:22:00,2024-03-12T16:13:32.411755,82,0.52,36.6,50,DC,standard,high_demand,2024-03-12T06:47:29.079075,Tesla Model Y
REQ-BA03D70D,EV-045,EMP-045,2024-03-12T10:06:00,2024-03-12T12:01:15.103356,77,0.11,40.1,50,DC,standard,high_demand,2024-03-12T04:36:36.140408,VW ID.4
REQ-9AC22D33,EV-075,EMP-075,2024-03-12T12:07:00,2024-03-12T20:03:04.928461,42,0.16,209.5,22,AC,standard,high_demand,2024-03-12T09:11:07.333886,BMW i3
REQ-E4A4763E,EV-033,EMP-033,2024-03-12T14:46:00,2024-03-12T19:49:58.507766,82,0.13,38.3,50,DC,standard,high_demand,2024-03-12T03:55:28.497654,Tesla Model Y
REQ-90DB0802,EV-075,EMP-075,2024-03-12T09:03:00,2024-03-12T17:30:56.691754,42,0.3,28.8,22,AC,standard,high_demand,2024-03-11T23:53:56.664948,BMW i3
REQ-DB65D96B,EV-071,EMP-071,2024-03-12T11:47:00,2024-03-12T13:51:37.312269,77,0.21,37.7,50,DC,standard,high_demand,2024-03-12T06:48:28.916455,Kia EV6
REQ-ED394615,EV-039,EMP-039,2024-03-12T13:39:00,2024-03-12T20:49:01.450142,77,0.19,62.0,50,DC,priority,high_demand,2024-03-12T07:23:27.175942,Kia EV6
REQ-4158DD91,EV-016,EMP-016,2024-03-12T15:09:00,2024-03-12T19:55:41.382827,75,0.65,17.6,50,DC,standard,high_demand,2024-03-12T03:40:08.862368,Tesla Model 3
REQ-3D199171,EV-078,EMP-078,2024-03-12T10:32:00,2024-03-12T12:15:19.892792,52,0.28,37.3,22,AC,standard,high_demand,2024-03-12T05:56:29.416415,Renault Zoe
REQ-956E0168,EV-026,EMP-026,2024-03-12T16:17:00,2024-03-12T21:00:00,40,0.53,10.2,22,AC,standard,high_demand,2024-03-12T06:36:20.515805,Nissan Leaf
REQ-DCC290B5,EV-052,EMP-052,2024-03-12T11:09:00,2024-03-12T13:48:23.966024,77,0.56,27.7,50,DC,standard,high_demand,2024-03-12T07:00:29.521333,Hyundai Ioniq 5
REQ-589B4E6C,EV-073,EMP-073,2024-03-12T07:00:00,2024-03-12T10:48:43.221289,82,0.33,34.9,50,DC,priority,high_demand,2024-03-12T04:20:41.980162,Tesla Model Y
REQ-4AE77790,EV-008,EMP-008,2024-03-12T10:06:00,2024-03-12T14:39:37.192727,75,0.12,44.7,50,DC,standard,high_demand,2024-03-12T02:43:20.986771,Tesla Model 3
REQ-AFF81158,EV-046,EMP-046,2024-03-12T07:46:00,2024-03-12T11:27:19.878485,52,0.35,18.3,22,AC,standard,high_demand,2024-03-11T20:51:24.406423,Renault Zoe
REQ-2C4E9CCA,EV-043,EMP-043,2024-03-12T16:42:00,2024-03-12T19:28:18.738932,42,0.35,15.5,22,AC,standard,high_demand,2024-03-12T10:31:44.668792,BMW i3
REQ-7E559223,EV-058,EMP-058,2024-03-12T07:52:00,2024-03-12T12:31:29.763174,40,0.41,12.7,22,AC,standard,high_demand,2024-03-12T04:31:51.171170,Nissan Leaf
REQ-BE90343F,EV-075,EMP-075,2024-03-12T12:11:00,2024-03-12T15:08:59.802072,42,0.17,22.7,22,AC,standard,high_demand,2024-03-12T07:51:46.207286,BMW i3
REQ-8EB6ED29,EV-074,EMP-074,2024-03-12T12:36:00,2024-03-12T16:34:17.626340,40,0.32,24.7,22,AC,standard,high_demand,2024-03-12T00:53:47.069413,Nissan Leaf
REQ-176A2929,EV-015,EMP-015,2024-03-12T07:38:00,2024-03-12T16:14:16.530894,77,0.23,39.0,50,DC,standard,high_demand,2024-03-11T19:59:34.775820,Kia EV6
REQ-F2111074,EV-071,EMP-071,2024-03-12T08:23:00,2024-03-12T13:33:57.197448,77,0.47,25.4,50,DC,standard,high_demand,2024-03-11T22:29:37.127061,Kia EV6
REQ-B84D4D43,EV-015,EMP-015,2024-03-12T09:13:00,2024-03-12T14:56:43.963733,77,0.48,30.9,50,DC,standard,high_demand,2024-03-12T02:23:25.894900,Kia EV6
REQ-B425C2BA,EV-074,EMP-074,2024-03-12T16:23:00,2024-03-12T21:00:00,40,0.38,16.0,22,AC,standard,high_demand,2024-03-12T06:27:54.825485,Nissan Leaf
REQ-02EA0C41,EV-080,EMP-080,2024-03-12T11:49:00,2024-03-12T17:03:41.186813,75,0.51,22.8,50,DC,standard,high_demand,2024-03-12T03:05:29.213400,Tesla Model 3
REQ-C2B79579,EV-032,EMP-032,2024-03-12T11:08:00,2024-03-12T20:03:48.916590,75,0.41,31.0,50,DC,standard,high_demand,2024-03-12T00:02:55.763563,Tesla Model 3
REQ-A2B2C7BB,EV-040,EMP-040,2024-03-12T12:05:00,2024-03-12T19:30:49.464760,75,0.33,47.6,50,DC,standard,high_demand,2024-03-12T04:14:39.332806,Tesla Model 3
REQ-73538F2C,EV-075,EMP-075,2024-03-12T08:32:00,2024-03-12T14:57:55.244404,42,0.33,169.8,22,AC,standard,high_demand,2024-03-11T20:43:18.620274,BMW i3
REQ-7B017BD7,EV-077,EMP-077,2024-03-12T11:47:00,2024-03-12T18:55:42.434999,77,0.73,428.7,50,DC,priority,high_demand,2024-03-12T08:18:28.231465,VW ID.4
REQ-747FDA91,EV-075,EMP-075,2024-03-12T10:02:00,2024-03-12T15:53:13.993979,42,0.47,16.1,22,AC,standard,high_demand,2024-03-12T00:39:05.031576,BMW i3
REQ-B40D00B0,EV-071,EMP-071,2024-03-12T10:00:00,2024-03-12T14:05:14.119465,77,0.12,37.4,50,DC,standard,high_demand,2024-03-11T22:26:24.466361,Kia EV6
REQ-F2246D3A,EV-001,EMP-001,2024-03-12T08:52:00,2024-03-12T11:25:45.229774,82,0.3,41.8,50,DC,standard,high_demand,2024-03-12T02:48:46.863651,Tesla Model Y
REQ-ED9FA16C,EV-046,EMP-046,2024-03-12T09:52:00,2024-03-12T16:35:32.608169,52,0.31,23.3,22,AC,standard,high_demand,2024-03-12T08:02:35.469959,Renault Zoe
REQ-87A1793A,EV-009,EMP-009,2024-03-12T14:17:00,2024-03-12T20:51:42.761988,82,0.21,64.3,50,DC,standard,high_demand,2024-03-12T11:46:37.636161,Tesla Model Y
REQ-909EAE72,EV-079,EMP-079,2024-03-12T08:07:00,2024-03-12T16:48:18.490787,77,0.25,40.6,50,DC,standard,high_demand,2024-03-12T00:15:04.174506,Kia EV6
REQ-5B44248C,EV-023,EMP-023,2024-03-12T09:03:00,2024-03-12T15:09:20.887309,77,0.23,47.2,50,DC,standard,high_demand,2024-03-12T00:26:43.945499,Kia EV6
REQ-E8B4A368,EV-080,EMP-080,2024-03-12T08:30:00,2024-03-12T16:03:55.704293,75,0.14,35.5,50,DC,standard,high_demand,2024-03-12T05:50:59.862805,Tesla Model 3
REQ-2C3F7570,EV-044,EMP-044,2024-03-12T07:54:00,2024-03-12T11:22:03.541677,77,0.66,20.0,50,DC,standard,high_demand,2024-03-12T00:32:05.407668,Hyundai Ioniq 5
REQ-FEB75A3D,EV-040,EMP-040,2024-03-12T12:10:00,2024-03-12T16:16:33.965211,75,0.65,21.2,50,DC,standard,high_demand,2024-03-12T03:32:52.081857,Tesla Model 3
REQ-31D71CE2,EV-076,EMP-076,2024-03-12T08:13:00,2024-03-12T10:21:08.303153,77,0.19,34.9,50,DC,standard,high_demand,2024-03-12T05:36:41.956941,Hyundai Ioniq 5
REQ-A175B868,EV-069,EMP-069,2024-03-12T12:01:00,2024-03-12T16:39:12.455868,77,0.19,43.2,50,DC,standard,high_demand,2024-03-12T04:12:30.232019,VW ID.4
REQ-32F2BC07,EV-038,EMP-038,2024-03-12T12:17:00,2024-03-12T21:00:00,52,0.46,20.9,22,AC,standard,high_demand,2024-03-12T08:09:56.387393,Renault Zoe
REQ-3B7BF1B8,EV-016,EMP-016,2024-03-12T09:06:00,2024-03-12T13:17:34.057649,75,0.11,37.9,50,DC,standard,high_demand,2024-03-11T21:30:57.475698,Tesla Model 3
REQ-AD0072D2,EV-010,EMP-010,2024-03-12T09:59:00,2024-03-12T16:37:06.810105,40,0.37,23.2,22,AC,standard,high_demand,2024-03-12T08:31:57.436092,Nissan Leaf
REQ-8EFABB76,EV-013,EMP-013,2024-03-12T08:31:00,2024-03-12T12:12:26.427558,77,0.28,42.6,50,DC,standard,high_demand,2024-03-12T02:45:26.894567,VW ID.4
REQ-A72DBDE6,EV-037,EMP-037,2024-03-12T12:31:00,2024-03-12T18:08:22.606983,77,0.17,35.6,50,DC,priority,high_demand,2024-03-12T02:32:56.091749,VW ID.4
REQ-4D3D4E47,EV-021,EMP-021,2024-03-12T10:38:00,2024-03-12T12:26:43.484101,77,0.57,25.6,50,DC,priority,high_demand,2024-03-12T08:57:19.959430,VW ID.4
REQ-0C7689BD,EV-015,EMP-015,2024-03-12T14:30:00,2024-03-12T18:13:58.141248,77,0.75,14.0,50,DC,standard,high_demand,2024-03-12T04:36:27.436576,Kia EV6
REQ-29AAEE37,EV-059,EMP-059,2024-03-12T10:59:00,2024-03-12T18:18:02.054547,42,0.25,28.5,22,AC,standard,high_demand,2024-03-12T06:27:03.883178,BMW i3
REQ-ED0B8738,EV-064,EMP-064,2024-03-12T12:15:00,2024-03-12T14:59:41.503678,75,0.19,36.7,50,DC,standard,high_demand,2024-03-12T11:04:02.585687,Tesla Model 3
REQ-6812ECA4,EV-046,EMP-046,2024-03-12T09:33:00,2024-03-12T15:05:26.750743,52,0.31,30.6,22,AC,standard,high_demand,2024-03-12T05:58:31.997056,Renault Zoe
REQ-6BC4D3CF,EV-061,EMP-061,2024-03-12T14:58:00,2024-03-12T21:00:00,77,0.16,63.5,50,DC,emergency,high_demand,2024-03-12T03:54:02.975330,VW ID.4
REQ-B6EC8B73,EV-015,EMP-015,2024-03-12T17:36:00,2024-03-12T20:03:05.980553,77,0.66,16.4,50,DC,standard,high_demand,2024-03-12T07:34:20.853368,Kia EV6
REQ-A3739057,EV-069,EMP-069,2024-03-12T12:21:00,2024-03-12T17:31:15.385600,77,0.48,25.4,50,DC,standard,high_demand,2024-03-12T06:39:07.542686,VW ID.4
REQ-13049172,EV-072,EMP-072,2024-03-12T12:45:00,2024-03-12T14:56:53.559169,75,0.44,26.8,50,DC,priority,high_demand,2024-03-12T08:00:20.453393,Tesla Model 3
REQ-FBBC3A6F,EV-067,EMP-067,2024-03-12T15:58:00,2024-03-12T17:29:06.773299,42,0.6,14.6,22,AC,standard,high_demand,2024-03-12T10:11:40.200773,BMW i3
REQ-560DBF84,EV-042,EMP-042,2024-03-12T11:42:00,2024-03-12T13:40:29.928524,40,0.45,13.4,22,AC,standard,high_demand,2024-03-12T08:45:49.349291,Nissan Leaf
REQ-32CF2FEB,EV-007,EMP-007,2024-03-12T08:39:00,2024-03-12T12:40:59.389190,77,0.48,31.4,50,DC,priority,high_demand,2024-03-12T04:11:49.179709,Kia EV6
REQ-82B21B4E,EV-054,EMP-054,2024-03-12T11:05:00,2024-03-12T13:19:48.518032,52,0.61,14.8,22,AC,priority,high_demand,2024-03-12T00:43:13.223763,Renault Zoe
REQ-2B5BA776,EV-015,EMP-015,2024-03-12T09:00:00,2024-03-12T17:41:06.857771,77,0.23,50.1,50,DC,standard,high_demand,2024-03-12T01:01:30.115947,Kia EV6
REQ-96DA30F0,EV-012,EMP-012,2024-03-12T08:51:00,2024-03-12T12:24:18.525369,77,0.53,22.6,50,DC,standard,high_demand,2024-03-11T21:57:22.668870,Hyundai Ioniq 5
REQ-51E523DD,EV-026,EMP-026,2024-03-12T07:47:00,2024-03-12T11:34:28.749611,40,0.55,11.1,22,AC,standard,high_demand,2024-03-11T23:11:26.901154,Nissan Leaf
REQ-9EC076F0,EV-020,EMP-020,2024-03-12T07:57:00,2024-03-12T10:26:42.894385,77,0.25,149.7,50,DC,standard,high_demand,2024-03-11T23:27:02.279758,Hyundai Ioniq 5
REQ-412083FE,EV-021,EMP-021,2024-03-12T14:58:00,2024-03-12T19:38:02.476212,77,0.19,33.4,50,DC,priority,high_demand,2024-03-12T06:03:46.395995,VW ID.4
REQ-78C6A3F7,EV-019,EMP-019,2024-03-12T07:37:00,2024-03-12T15:43:26.702864,42,0.19,30.2,22,AC,priority,high_demand,2024-03-12T05:35:07.746029,BMW i3
REQ-3CD7C867,EV-061,EMP-061,2024-03-12T15:25:00,2024-03-12T20:53:43.723467,77,0.11,56.5,50,DC,emergency,high_demand,2024-03-12T06:36:31.314109,VW ID.4
REQ-2DA64640,EV-077,EMP-077,2024-03-12T11:18:00,2024-03-12T15:53:16.167148,77,0.55,32.2,50,DC,priority,high_demand,2024-03-12T09:38:40.744343,VW ID.4
REQ-0159650D,EV-025,EMP-025,2024-03-12T12:10:00,2024-03-12T16:32:48.861552,82,0.73,14.6,50,DC,emergency,high_demand,2024-03-12T08:28:53.539002,Tesla Model Y
REQ-81158150,EV-058,EMP-058,2024-03-12T08:06:00,2024-03-12T14:06:00.212415,40,0.49,18.1,22,AC,standard,high_demand,2024-03-11T21:50:57.266876,Nissan Leaf
REQ-0B582AFB,EV-001,EMP-001,2024-03-12T11:36:00,2024-03-12T16:58:59.226451,82,0.43,40.8,50,DC,standard,high_demand,2024-03-12T10:28:20.837976,Tesla Model Y
REQ-3D8169C1,EV-053,EMP-053,2024-03-12T14:54:00,2024-03-12T20:06:41.968438,77,0.17,47.9,50,DC,standard,high_demand,2024-03-12T08:19:28.938861,VW ID.4
REQ-AE65310E,EV-056,EMP-056,2024-03-12T17:57:00,2024-03-12T21:00:00,75,0.19,56.5,50,DC,standard,high_demand,2024-03-12T13:14:51.924038,Tesla Model 3
REQ-BA530559,EV-005,EMP-005,2024-03-12T12:31:00,2024-03-12T21:00:00,77,0.6,15.7,50,DC,standard,high_demand,2024-03-12T09:00:05.529525,VW ID.4
REQ-7A15E241,EV-010,EMP-010,2024-03-12T07:07:00,2024-03-12T14:32:10.829973,40,0.43,18.6,22,AC,standard,high_demand,2024-03-12T01:50:21.115433,Nissan Leaf
REQ-09FE7D6E,EV-025,EMP-025,2024-03-12T11:09:00,2024-03-12T16:40:27.250034,82,0.5,26.2,50,DC,emergency,high_demand,2024-03-12T04:46:11.985491,Tesla Model Y
REQ-DEAE59E2,EV-033,EMP-033,2024-03-12T08:36:00,2024-03-12T14:07:22.534668,82,0.35,43.6,50,DC,standard,high_demand,2024-03-12T00:16:04.294653,Tesla Model Y
REQ-62A7A145,EV-041,EMP-041,2024-03-12T08:23:00,2024-03-12T15:21:28.876191,82,0.65,15.2,50,DC,standard,high_demand,2024-03-12T02:53:12.379432,Tesla Model Y
REQ-54E47D9B,EV-072,EMP-072,2024-03-12T10:13:00,2024-03-12T14:02:10.831725,75,0.58,27.4,50,DC,priority,high_demand,2024-03-12T01:34:32.914865,Tesla Model 3
REQ-1DF4E673,EV-057,EMP-057,2024-03-12T11:19:00,2024-03-12T19:57:51.437447,82,0.44,40.9,50,DC,standard,high_demand,2024-03-12T08:53:47.733696,Tesla Model Y
REQ-B6D85DAE,EV-025,EMP-025,2024-03-12T08:33:00,2024-03-12T12:03:56.641133,82,0.68,210.9,50,DC,emergency,high_demand,2024-03-11T22:46:05.735148,Tesla Model Y
REQ-B2458BD2,EV-010,EMP-010,2024-03-12T07:07:00,2024-03-12T13:57:32.727701,40,0.47,11.4,22,AC,standard,high_demand,2024-03-12T02:28:30.870725,Nissan Leaf
REQ-0600A2C1,EV-074,EMP-074,2024-03-12T10:08:00,2024-03-12T14:23:27.570002,40,0.27,16.1,22,AC,standard,high_demand,2024-03-12T01:19:16.975344,Nissan Leaf
REQ-28C6A05D,EV-024,EMP-024,2024-03-12T08:01:00,2024-03-12T09:50:49.023496,75,0.66,15.9,50,DC,standard,high_demand,2024-03-12T03:06:44.649761,Tesla Model 3
REQ-6F1C0246,EV-050,EMP-050,2024-03-12T08:51:00,2024-03-12T16:46:52.100339,40,0.46,20.7,22,AC,standard,high_demand,2024-03-12T03:31:38.110799,Nissan Leaf
REQ-AB92BB5B,EV-018,EMP-018,2024-03-12T07:49:00,2024-03-12T14:43:07.773879,40,0.28,15.5,22,AC,standard,high_demand,2024-03-12T01:32:35.504978,Nissan Leaf
REQ-8DDA943E,EV-011,EMP-011,2024-03-12T13:21:00,2024-03-12T20:52:57.126525,42,0.74,10.7,22,AC,standard,high_demand,2024-03-12T07:30:05.101034,BMW i3
REQ-4880BCC3,EV-013,EMP-013,2024-03-12T08:41:00,2024-03-12T12:38:17.124887,77,0.46,21.0,50,DC,standard,high_demand,2024-03-12T01:41:58.400930,VW ID.4
REQ-01D657AD,EV-060,EMP-060,2024-03-12T08:14:00,2024-03-12T13:12:46.020646,77,0.48,29.9,50,DC,standard,high_demand,2024-03-12T05:29:09.511652,Hyundai Ioniq 5
REQ-702F4821,EV-049,EMP-049,2024-03-12T14:31:00,2024-03-12T17:51:18.425608,82,0.1,52.0,50,DC,standard,high_demand,2024-03-12T10:01:58.058914,Tesla Model Y
REQ-ECD00768,EV-034,EMP-034,2024-03-12T14:45:00,2024-03-12T21:00:00,40,0.1,29.8,22,AC,emergency,high_demand,2024-03-12T05:53:13.297384,Nissan Leaf
REQ-B144E13E,EV-044,EMP-044,2024-03-12T08:03:00,2024-03-12T11:20:10.525052,77,0.42,23.7,50,DC,standard,high_demand,2024-03-11T23:21:57.587547,Hyundai Ioniq 5
REQ-EF31D6F4,EV-038,EMP-038,2024-03-12T08:50:00,2024-03-12T17:03:46.761742,52,0.44,24.8,22,AC,standard,high_demand,2024-03-11T21:07:33.431687,Renault Zoe
REQ-F3108DC2,EV-044,EMP-044,2024-03-12T07:11:00,2024-03-12T09:41:04.873957,77,0.63,15.3,50,DC,standard,high_demand,2024-03-12T01:40:51.708833,Hyundai Ioniq 5
REQ-C51EA3C0,EV-054,EMP-054,2024-03-12T15:42:00,2024-03-12T19:09:26.755351,52,0.3,32.8,22,AC,priority,high_demand,2024-03-12T06:44:36.391232,Renault Zoe
REQ-B6DC1905,EV-018,EMP-018,2024-03-12T07:32:00,2024-03-12T09:35:36.560767,40,0.23,27.4,22,AC,standard,high_demand,2024-03-12T05:14:46.003175,Nissan Leaf
REQ-B718DA81,EV-020,EMP-020,2024-03-12T07:55:00,2024-03-12T12:27:55.838902,77,0.45,41.6,50,DC,standard,high_demand,2024-03-12T03:52:16.060466,Hyundai Ioniq 5
REQ-B3475F5F,EV-061,EMP-061,2024-03-12T07:14:00,2024-03-12T09:54:55.615181,77,0.55,31.6,50,DC,emergency,high_demand,2024-03-12T06:16:10.345944,VW ID.4
REQ-1FC19E42,EV-070,EMP-070,2024-03-12T13:39:00,2024-03-12T15:50:02.748402,52,0.26,26.1,22,AC,standard,high_demand,2024-03-12T05:21:44.608193,Renault Zoe
REQ-F70C9867,EV-007,EMP-007,2024-03-12T08:58:00,2024-03-12T10:41:59.216521,77,0.36,35.8,50,DC,priority,high_demand,2024-03-12T05:35:36.101192,Kia EV6
REQ-493F13F2,EV-036,EMP-036,2024-03-12T10:36:00,2024-03-12T13:08:54.412060,77,0.11,62.7,50,DC,standard,high_demand,2024-03-12T08:35:48.389166,Hyundai Ioniq 5
REQ-986CC276,EV-057,EMP-057,2024-03-12T13:44:00,2024-03-12T19:57:38.033812,82,0.52,31.1,50,DC,standard,high_demand,2024-03-12T03:53:12.270407,Tesla Model Y
REQ-DD101728,EV-007,EMP-007,2024-03-12T07:07:00,2024-03-12T15:23:07.394212,77,0.39,26.5,50,DC,priority,high_demand,2024-03-11T21:04:44.654263,Kia EV6
REQ-35A8FBC3,EV-046,EMP-046,2024-03-12T07:05:00,2024-03-12T12:02:26.862894,52,0.21,32.3,22,AC,standard,high_demand,2024-03-12T02:02:27.054308,Renault Zoe
REQ-FF38E9A4,EV-005,EMP-005,2024-03-12T08:21:00,2024-03-12T11:08:45.794719,77,0.24,34.7,50,DC,standard,high_demand,2024-03-11T21:41:26.254726,VW ID.4
REQ-F7547E33,EV-044,EMP-044,2024-03-12T08:14:00,2024-03-12T11:34:36.189040,77,0.29,38.6,50,DC,standard,high_demand,2024-03-12T07:01:55.466546,Hyundai Ioniq 5
REQ-D4D70924,EV-041,EMP-041,2024-03-12T07:16:00,2024-03-12T10:15:45.360780,82,0.68,20.0,50,DC,standard,high_demand,2024-03-11T21:32:30.241373,Tesla Model Y
REQ-92437FAC,EV-046,EMP-046,2024-03-12T12:58:00,2024-03-12T20:19:51.725705,52,0.33,26.9,22,AC,standard,high_demand,2024-03-12T01:58:15.171513,Renault Zoe
REQ-0B6D1638,EV-012,EMP-012,2024-03-12T09:46:00,2024-03-12T12:36:55.028590,77,0.31,32.4,50,DC,standard,high_demand,2024-03-12T00:18:48.515153,Hyundai Ioniq 5
REQ-C466D0A8,EV-027,EMP-027,2024-03-12T08:58:00,2024-03-12T14:26:14.671883,42,0.6,16.8,22,AC,standard,high_demand,2024-03-12T07:18:54.438436,BMW i3
REQ-BA1055DC,EV-042,EMP-042,2024-03-12T11:31:00,2024-03-12T19:08:19.699363,40,0.7,6.3,22,AC,standard,high_demand,2024-03-12T08:29:36.360338,Nissan Leaf
REQ-BFC63FF7,EV-010,EMP-010,2024-03-12T14:35:00,2024-03-12T18:44:39.725133,40,0.65,12.9,22,AC,standard,high_demand,2024-03-12T07:16:09.692320,Nissan Leaf
REQ-E3F102ED,EV-017,EMP-017,2024-03-12T14:23:00,2024-03-12T21:00:00,82,0.12,61.4,50,DC,standard,high_demand,2024-03-12T07:24:06.691447,Tesla Model Y
REQ-538A82C3,EV-047,EMP-047,2024-03-12T09:22:00,2024-03-12T18:16:36.167681,77,0.67,19.0,50,DC,standard,high_demand,2024-03-12T03:13:35.932207,Kia EV6
REQ-309841E8,EV-008,EMP-008,2024-03-12T07:27:00,2024-03-12T10:35:27.841426,75,0.44,21.0,50,DC,standard,high_demand,2024-03-12T04:37:59.374529,Tesla Model 3
REQ-CB4ACD32,EV-041,EMP-041,2024-03-12T08:26:00,2024-03-12T16:49:27.081257,82,0.65,503.5,50,DC,standard,high_demand,2024-03-12T01:11:14.380151,Tesla Model Y
REQ-CA151A12,EV-065,EMP-065,2024-03-12T14:32:00,2024-03-12T21:00:00,82,0.66,27.3,50,DC,priority,high_demand,2024-03-12T03:12:04.378962,Tesla Model Y
REQ-0D9F06F6,EV-037,EMP-037,2024-03-12T09:12:00,2024-03-12T12:57:47.659151,77,0.19,36.1,50,DC,priority,high_demand,2024-03-11T23:35:37.719465,VW ID.4
REQ-8B5E179A,EV-042,EMP-042,2024-03-12T16:56:00,2024-03-12T19:44:23.472116,40,0.73,9.1,22,AC,standard,high_demand,2024-03-12T07:22:58.539787,Nissan Leaf
REQ-85ECABFD,EV-037,EMP-037,2024-03-12T08:10:00,2024-03-12T10:58:54.494010,77,0.3,45.5,50,DC,priority,high_demand,2024-03-11T23:17:06.398424,VW ID.4
REQ-F95D606B,EV-005,EMP-005,2024-03-12T17:50:00,2024-03-12T21:00:00,77,0.75,190.0,50,DC,standard,high_demand,2024-03-12T10:24:21.109168,VW ID.4
REQ-DF2FF649,EV-037,EMP-037,2024-03-12T17:54:00,2024-03-12T21:00:00,77,0.47,39.5,50,DC,priority,high_demand,2024-03-12T08:49:42.786217,VW ID.4
REQ-3DEC954D,EV-066,EMP-066,2024-03-13T14:40:00,2024-03-13T18:02:16.237056,40,0.4,23.0,22,AC,standard,low_solar,2024-03-13T11:00:57.331563,Nissan Leaf
REQ-1F76F9BC,EV-034,EMP-034,2024-03-13T14:00:00,2024-03-13T20:15:56.064845,40,0.18,16.9,22,AC,emergency,low_solar,2024-03-13T06:40:06.595231,Nissan Leaf
REQ-C4486F71,EV-043,EMP-043,2024-03-13T08:44:00,2024-03-13T14:38:05.766707,42,0.33,16.4,22,AC,standard,low_solar,2024-03-12T23:37:13.009032,BMW i3
REQ-4F3B2EC0,EV-070,EMP-070,2024-03-13T11:34:00,2024-03-13T15:57:57.273110,52,0.21,32.3,22,AC,standard,low_solar,2024-03-13T01:12:35.596840,Renault Zoe
REQ-EFFE02BB,EV-038,EMP-038,2024-03-13T12:21:00,2024-03-13T15:52:05.256640,52,0.37,16.7,22,AC,standard,low_solar,2024-03-13T03:01:22.489044,Renault Zoe
REQ-BD9770B0,EV-071,EMP-071,2024-03-13T08:49:00,2024-03-13T15:10:19.031963,77,0.49,19.8,50,DC,standard,low_solar,2024-03-12T23:03:29.457435,Kia EV6
REQ-6786CF72,EV-039,EMP-039,2024-03-13T08:56:00,2024-03-13T15:15:13.988405,77,0.38,32.9,50,DC,priority,low_solar,2024-03-13T05:32:07.253436,Kia EV6
REQ-21F7A998,EV-007,EMP-007,2024-03-13T10:21:00,2024-03-13T18:01:56.392180,77,0.36,27.2,50,DC,priority,low_solar,2024-03-13T02:13:58.484265,Kia EV6
REQ-89F50DE2,EV-073,EMP-073,2024-03-13T13:44:00,2024-03-13T20:05:18.237242,82,0.5,26.6,50,DC,priority,low_solar,2024-03-13T12:29:57.145969,Tesla Model Y
REQ-D337BC51,EV-058,EMP-058,2024-03-13T16:55:00,2024-03-13T21:00:00,40,0.27,25.0,22,AC,standard,low_solar,2024-03-13T12:58:50.047967,Nissan Leaf
REQ-324746C0,EV-041,EMP-041,2024-03-13T08:31:00,2024-03-13T16:45:51.550208,82,0.62,28.1,50,DC,standard,low_solar,2024-03-13T00:25:14.044600,Tesla Model Y
REQ-39C7CCCF,EV-073,EMP-073,2024-03-13T12:26:00,2024-03-13T18:50:55.815402,82,0.75,12.9,50,DC,priority,low_solar,2024-03-13T07:28:05.418270,Tesla Model Y
REQ-606F8BCF,EV-065,EMP-065,2024-03-13T08:24:00,2024-03-13T14:11:25.145719,82,0.22,55.2,50,DC,priority,low_solar,2024-03-13T01:45:06.106796,Tesla Model Y
REQ-AF28C755,EV-055,EMP-055,2024-03-13T12:48:00,2024-03-13T19:20:20.448851,77,0.43,40.5,50,DC,standard,low_solar,2024-03-13T02:13:13.115928,Kia EV6
REQ-C667A9CA,EV-050,EMP-050,2024-03-13T07:11:00,2024-03-13T09:38:34.491772,40,0.27,26.4,22,AC,standard,low_solar,2024-03-13T04:34:40.970020,Nissan Leaf
REQ-1AF611A4,EV-010,EMP-010,2024-03-13T11:40:00,2024-03-13T13:50:11.095195,40,0.33,23.4,22,AC,standard,low_solar,2024-03-13T02:06:13.055916,Nissan Leaf
REQ-D624EE94,EV-061,EMP-061,2024-03-13T07:31:00,2024-03-13T11:13:19.380285,77,0.65,19.8,50,DC,emergency,low_solar,2024-03-13T00:18:20.010743,VW ID.4
REQ-0ECDE067,EV-014,EMP-014,2024-03-13T15:12:00,2024-03-13T21:00:00,52,0.43,27.7,22,AC,standard,low_solar,2024-03-13T11:16:08.071792,Renault Zoe
REQ-5D631AC8,EV-079,EMP-079,2024-03-13T08:42:00,2024-03-13T11:13:48.861998,77,0.23,41.8,50,DC,standard,low_solar,2024-03-12T21:46:25.893311,Kia EV6
REQ-6FBDB8CE,EV-078,EMP-078,2024-03-13T09:37:00,2024-03-13T16:29:03.048315,52,0.61,15.1,22,AC,standard,low_solar,2024-03-13T07:04:59.475364,Renault Zoe
REQ-2C7B4D3E,EV-065,EMP-065,2024-03-13T11:00:00,2024-03-13T14:33:05.252279,82,0.59,19.6,50,DC,priority,low_solar,2024-03-13T04:52:11.508448,Tesla Model Y
REQ-267122E2,EV-011,EMP-011,2024-03-13T11:10:00,2024-03-13T17:16:30.952946,42,0.51,14.4,22,AC,standard,low_solar,2024-03-13T06:15:30.700210,BMW i3
REQ-356462D6,EV-034,EMP-034,2024-03-13T07:23:00,2024-03-13T11:40:53.737947,40,0.11,23.5,22,AC,emergency,low_solar,2024-03-13T04:41:30.124208,Nissan Leaf
REQ-3009B2EE,EV-080,EMP-080,2024-03-13T12:15:00,2024-03-13T15:36:58.224318,75,0.55,22.7,50,DC,standard,low_solar,2024-03-13T07:20:21.010281,Tesla Model 3
REQ-5EAC00FE,EV-035,EMP-035,2024-03-13T09:20:00,2024-03-13T17:00:43.783401,42,0.29,19.2,22,AC,standard,low_solar,2024-03-13T01:58:30.285369,BMW i3
REQ-9B5A29A5,EV-080,EMP-080,2024-03-13T08:46:00,2024-03-13T17:43:57.755065,75,0.32,48.5,50,DC,standard,low_solar,2024-03-13T06:05:59.162197,Tesla Model 3
REQ-B8DF6FB3,EV-051,EMP-051,2024-03-13T17:45:00,2024-03-13T21:00:00,42,0.25,27.2,22,AC,standard,low_solar,2024-03-13T08:48:29.227961,BMW i3
REQ-CA7896AF,EV-067,EMP-067,2024-03-13T09:20:00,2024-03-13T13:34:57.969188,42,0.52,10.5,22,AC,standard,low_solar,2024-03-13T05:53:30.328199,BMW i3
REQ-1D1EA21F,EV-021,EMP-021,2024-03-13T09:05:00,2024-03-13T18:02:36.366309,77,0.53,537.6,50,DC,priority,low_solar,2024-03-13T00:39:04.360417,VW ID.4
REQ-F28D34CB,EV-073,EMP-073,2024-03-13T09:45:00,2024-03-13T15:21:16.624388,82,0.41,27.9,50,DC,priority,low_solar,2024-03-13T02:00:05.110517,Tesla Model Y
REQ-E40DC53E,EV-074,EMP-074,2024-03-13T08:19:00,2024-03-13T14:47:07.040079,40,0.28,23.1,22,AC,standard,low_solar,2024-03-12T22:15:50.977373,Nissan Leaf
REQ-69E7BE5A,EV-006,EMP-006,2024-03-13T08:26:00,2024-03-13T10:48:58.833348,52,0.17,23.9,22,AC,standard,low_solar,2024-03-13T05:38:10.375414,Renault Zoe
REQ-D424C2B0,EV-032,EMP-032,2024-03-13T08:02:00,2024-03-13T11:02:45.176130,75,0.56,180.8,50,DC,standard,low_solar,2024-03-13T01:49:30.914867,Tesla Model 3
REQ-EF7232CB,EV-032,EMP-032,2024-03-13T08:51:00,2024-03-13T12:49:46.297637,75,0.1,56.4,50,DC,standard,low_solar,2024-03-12T22:44:41.388358,Tesla Model 3
REQ-3C25E9A5,EV-027,EMP-027,2024-03-13T11:17:00,2024-03-13T13:27:32.232187,42,0.43,20.6,22,AC,standard,low_solar,2024-03-13T07:50:26.066946,BMW i3
REQ-9014CD70,EV-023,EMP-023,2024-03-13T08:58:00,2024-03-13T12:41:12.598825,77,0.4,25.4,50,DC,standard,low_solar,2024-03-13T08:00:46.996873,Kia EV6
REQ-61CA013F,EV-037,EMP-037,2024-03-13T08:36:00,2024-03-13T12:26:43.091888,77,0.58,17.7,50,DC,priority,low_solar,2024-03-13T07:34:20.191794,VW ID.4
REQ-1A3E5683,EV-070,EMP-070,2024-03-13T14:19:00,2024-03-13T17:05:43.831462,52,0.33,25.0,22,AC,standard,low_solar,2024-03-13T03:42:51.112752,Renault Zoe
REQ-72F28D89,EV-063,EMP-063,2024-03-13T08:37:00,2024-03-13T11:29:17.474348,77,0.36,48.4,50,DC,standard,low_solar,2024-03-13T03:40:51.378724,Kia EV6
REQ-9823FFC5,EV-050,EMP-050,2024-03-13T14:35:00,2024-03-13T20:56:58.855065,40,0.62,8.5,22,AC,standard,low_solar,2024-03-13T13:24:32.039219,Nissan Leaf
REQ-4EB69EB8,EV-042,EMP-042,2024-03-13T15:28:00,2024-03-13T20:05:12.748349,40,0.48,18.7,22,AC,standard,low_solar,2024-03-13T12:52:55.812794,Nissan Leaf
REQ-2EB5B162,EV-034,EMP-034,2024-03-13T09:43:00,2024-03-13T11:25:58.038198,40,0.54,16.9,22,AC,emergency,low_solar,2024-03-13T07:42:50.869357,Nissan Leaf
REQ-1BAB506B,EV-034,EMP-034,2024-03-13T15:20:00,2024-03-13T19:55:04.675121,40,0.13,22.0,22,AC,emergency,low_solar,2024-03-13T06:43:50.877494,Nissan Leaf
REQ-6D540BE6,EV-012,EMP-012,2024-03-13T12:32:00,2024-03-13T18:21:29.523219,77,0.47,40.4,50,DC,standard,low_solar,2024-03-13T08:08:34.353431,Hyundai Ioniq 5
REQ-F861AC3D,EV-048,EMP-048,2024-03-13T10:24:00,2024-03-13T12:36:51.537738,75,0.53,22.0,50,DC,standard,low_solar,2024-03-13T02:07:21.363470,Tesla Model 3
REQ-DD6E0304,EV-061,EMP-061,2024-03-13T10:40:00,2024-03-13T16:21:15.294391,77,0.74,10.6,50,DC,emergency,low_solar,2024-03-13T08:21:43.206745,VW ID.4
REQ-26811C51,EV-076,EMP-076,2024-03-13T14:42:00,2024-03-13T21:00:00,77,0.15,48.8,50,DC,standard,low_solar,2024-03-13T03:02:35.994980,Hyundai Ioniq 5
REQ-FDFB486A,EV-074,EMP-074,2024-03-13T07:26:00,2024-03-13T13:45:29.567500,40,0.36,15.8,22,AC,standard,low_solar,2024-03-12T21:43:07.782688,Nissan Leaf
REQ-701C4742,EV-046,EMP-046,2024-03-13T10:42:00,2024-03-13T15:33:10.839238,52,0.18,31.9,22,AC,standard,low_solar,2024-03-13T09:01:10.566491,Renault Zoe
REQ-8EC9ED05,EV-009,EMP-009,2024-03-13T10:06:00,2024-03-13T11:36:04.582318,82,0.16,55.2,50,DC,standard,low_solar,2024-03-13T06:05:49.644535,Tesla Model Y
REQ-792F8739,EV-023,EMP-023,2024-03-13T09:24:00,2024-03-13T15:56:09.808011,77,0.72,14.7,50,DC,standard,low_solar,2024-03-13T06:20:11.190064,Kia EV6
REQ-A41DD680,EV-043,EMP-043,2024-03-13T10:07:00,2024-03-13T16:15:53.465181,42,0.41,20.5,22,AC,standard,low_solar,2024-03-13T08:18:19.432964,BMW i3
REQ-62F712DE,EV-028,EMP-028,2024-03-13T11:26:00,2024-03-13T15:29:36.642094,77,0.64,27.2,50,DC,standard,low_solar,2024-03-13T04:55:49.817415,Hyundai Ioniq 5
REQ-D23BC032,EV-033,EMP-033,2024-03-13T11:05:00,2024-03-13T13:48:52.194928,82,0.19,57.0,50,DC,standard,low_solar,2024-03-13T09:21:11.793671,Tesla Model Y
REQ-8246B189,EV-031,EMP-031,2024-03-13T11:22:00,2024-03-13T19:50:35.838997,77,0.36,35.9,50,DC,priority,low_solar,2024-03-13T02:37:24.980341,Kia EV6
REQ-56218755,EV-039,EMP-039,2024-03-13T07:49:00,2024-03-13T16:15:58.916325,77,0.64,22.0,50,DC,priority,low_solar,2024-03-13T02:08:09.109686,Kia EV6
REQ-6217B6A7,EV-049,EMP-049,2024-03-13T12:54:00,2024-03-13T15:24:35.172390,82,0.42,150.6,50,DC,standard,low_solar,2024-03-13T01:38:38.237174,Tesla Model Y
REQ-3F708EFF,EV-003,EMP-003,2024-03-13T13:57:00,2024-03-13T19:15:44.988275,42,0.7,7.4,22,AC,standard,low_solar,2024-03-13T05:02:57.521004,BMW i3
REQ-67775BE7,EV-023,EMP-023,2024-03-13T07:46:00,2024-03-13T13:46:14.742589,77,0.67,19.1,50,DC,standard,low_solar,2024-03-12T20:00:08.668528,Kia EV6
REQ-BCC01D04,EV-012,EMP-012,2024-03-13T14:31:00,2024-03-13T18:04:07.088759,77,0.73,20.5,50,DC,standard,low_solar,2024-03-13T12:28:58.406196,Hyundai Ioniq 5
REQ-31A42AC4,EV-049,EMP-049,2024-03-13T10:24:00,2024-03-13T17:30:47.525379,82,0.29,49.5,50,DC,standard,low_solar,2024-03-13T01:42:48.401645,Tesla Model Y
REQ-B3B7CF41,EV-056,EMP-056,2024-03-13T16:53:00,2024-03-13T19:53:24.005223,75,0.51,23.7,50,DC,standard,low_solar,2024-03-13T08:39:03.728280,Tesla Model 3
REQ-BD8C1A24,EV-004,EMP-004,2024-03-13T16:57:00,2024-03-13T21:00:00,77,0.43,37.2,50,DC,standard,low_solar,2024-03-13T15:07:22.222555,Hyundai Ioniq 5
REQ-547C27D0,EV-072,EMP-072,2024-03-13T09:57:00,2024-03-13T15:43:47.231245,75,0.53,25.0,50,DC,priority,low_solar,2024-03-12T23:46:26.482880,Tesla Model 3
REQ-4945745C,EV-027,EMP-027,2024-03-13T08:41:00,2024-03-13T16:14:44.229042,42,0.44,12.1,22,AC,standard,low_solar,2024-03-13T00:28:31.476999,BMW i3
REQ-752F58A3,EV-020,EMP-020,2024-03-13T08:30:00,2024-03-13T11:12:25.255647,77,0.29,34.2,50,DC,standard,low_solar,2024-03-13T00:03:29.373195,Hyundai Ioniq 5
REQ-CC61A6A9,EV-060,EMP-060,2024-03-13T08:30:00,2024-03-13T10:14:32.272348,77,0.63,15.7,50,DC,standard,low_solar,2024-03-12T23:29:45.011321,Hyundai Ioniq 5
REQ-1310FF2A,EV-074,EMP-074,2024-03-13T14:29:00,2024-03-13T20:11:34.304925,40,0.25,26.8,22,AC,standard,low_solar,2024-03-13T10:40:31.759703,Nissan Leaf
REQ-F853B3D7,EV-072,EMP-072,2024-03-13T12:51:00,2024-03-13T17:15:23.975513,75,0.72,20.7,50,DC,priority,low_solar,2024-03-13T06:00:02.041662,Tesla Model 3
REQ-5B6385AC,EV-002,EMP-002,2024-03-13T07:30:00,2024-03-13T13:39:15.165782,40,0.61,14.6,22,AC,standard,low_solar,2024-03-12T20:31:04.463989,Nissan Leaf
REQ-6058351B,EV-066,EMP-066,2024-03-13T12:17:00,2024-03-13T19:26:47.908041,40,0.46,17.3,22,AC,standard,low_solar,2024-03-13T00:41:38.401323,Nissan Leaf
REQ-5FBA23E7,EV-025,EMP-025,2024-03-13T07:21:00,2024-03-13T13:58:11.788996,82,0.22,37.5,50,DC,emergency,low_solar,2024-03-13T02:30:43.993400,Tesla Model Y
REQ-83068312,EV-023,EMP-023,2024-03-13T10:06:00,2024-03-13T12:34:31.796313,77,0.48,25.1,50,DC,standard,low_solar,2024-03-13T01:26:18.863133,Kia EV6
REQ-4BAC5964,EV-040,EMP-040,2024-03-13T07:18:00,2024-03-13T11:13:11.010807,75,0.13,63.0,50,DC,standard,low_solar,2024-03-12T23:11:17.745266,Tesla Model 3
REQ-170A6B1A,EV-056,EMP-056,2024-03-13T10:08:00,2024-03-13T14:19:08.310880,75,0.61,19.3,50,DC,standard,low_solar,2024-03-13T07:31:07.819362,Tesla Model 3
REQ-09489772,EV-008,EMP-008,2024-03-13T08:00:00,2024-03-13T12:37:10.143582,75,0.45,22.5,50,DC,standard,low_solar,2024-03-13T05:02:47.152258,Tesla Model 3
REQ-E7EE4DDF,EV-070,EMP-070,2024-03-13T07:43:00,2024-03-13T10:51:18.022716,52,0.59,16.3,22,AC,standard,low_solar,2024-03-12T21:44:39.300202,Renault Zoe
REQ-16C6A659,EV-011,EMP-011,2024-03-13T15:01:00,2024-03-13T21:00:00,42,0.39,24.4,22,AC,standard,low_solar,2024-03-13T07:22:25.147718,BMW i3
REQ-56720F02,EV-078,EMP-078,2024-03-13T17:02:00,2024-03-13T20:56:25.299284,52,0.7,15.2,22,AC,standard,low_solar,2024-03-13T10:19:14.175244,Renault Zoe
REQ-550AE893,EV-036,EMP-036,2024-03-13T08:49:00,2024-03-13T16:28:56.944734,77,0.34,45.8,50,DC,standard,low_solar,2024-03-13T07:48:44.541238,Hyundai Ioniq 5
REQ-4DD53B0E,EV-067,EMP-067,2024-03-13T13:23:00,2024-03-13T18:44:15.156903,42,0.72,6.9,22,AC,standard,low_solar,2024-03-13T06:41:47.841998,BMW i3
REQ-60D5A79F,EV-022,EMP-022,2024-03-13T07:07:00,2024-03-13T13:38:39.048406,52,0.6,19.4,22,AC,standard,low_solar,2024-03-13T05:25:17.430100,Renault Zoe
REQ-3B92F0DE,EV-034,EMP-034,2024-03-13T10:24:00,2024-03-13T19:13:18.045876,40,0.6,13.2,22,AC,emergency,low_solar,2024-03-13T01:18:38.719817,Nissan Leaf
REQ-8781E3A6,EV-052,EMP-052,2024-03-13T07:55:00,2024-03-13T11:54:16.315138,77,0.16,34.1,50,DC,standard,low_solar,2024-03-13T00:59:55.313900,Hyundai Ioniq 5
REQ-6895B069,EV-016,EMP-016,2024-03-13T09:27:00,2024-03-13T12:53:23.494893,75,0.35,39.7,50,DC,standard,low_solar,2024-03-13T08:45:20.713912,Tesla Model 3
REQ-98463446,EV-017,EMP-017,2024-03-13T12:04:00,2024-03-13T18:22:38.414155,82,0.5,36.0,50,DC,standard,low_solar,2024-03-13T03:30:23.483901,Tesla Model Y
REQ-062E0F40,EV-066,EMP-066,2024-03-13T08:51:00,2024-03-13T11:08:45.659630,40,0.61,10.2,22,AC,standard,low_solar,2024-03-12T23:32:57.646422,Nissan Leaf
REQ-B9A5F87E,EV-060,EMP-060,2024-03-13T09:47:00,2024-03-13T16:14:19.525452,77,0.41,34.8,50,DC,standard,low_solar,2024-03-13T04:47:12.907791,Hyundai Ioniq 5
REQ-3C28F41E,EV-061,EMP-061,2024-03-13T12:05:00,2024-03-13T20:47:03.625157,77,0.19,52.3,50,DC,emergency,low_solar,2024-03-13T02:26:26.291140,VW ID.4
REQ-523F7E8E,EV-070,EMP-070,2024-03-13T11:44:00,2024-03-13T20:21:15.557795,52,0.46,21.8,22,AC,standard,low_solar,2024-03-13T11:10:31.764662,Renault Zoe
REQ-DC57D986,EV-066,EMP-066,2024-03-13T10:04:00,2024-03-13T18:40:08.443509,40,0.3,24.5,22,AC,standard,low_solar,2024-03-13T05:36:44.541696,Nissan Leaf
REQ-A960D02D,EV-042,EMP-042,2024-03-13T10:17:00,2024-03-13T15:37:38.922753,40,0.2,19.5,22,AC,standard,low_solar,2024-03-13T07:32:54.894685,Nissan Leaf
REQ-8E4BD89F,EV-013,EMP-013,2024-03-13T08:35:00,2024-03-13T16:28:30.780450,77,0.65,26.0,50,DC,standard,low_solar,2024-03-13T02:46:43.620567,VW ID.4
REQ-2CB65170,EV-025,EMP-025,2024-03-13T09:34:00,2024-03-13T11:34:18.794450,82,0.16,59.4,50,DC,emergency,low_solar,2024-03-13T05:15:42.771428,Tesla Model Y
REQ-59B116B4,EV-041,EMP-041,2024-03-13T08:18:00,2024-03-13T10:33:01.216546,82,0.5,39.0,50,DC,standard,low_solar,2024-03-13T02:37:03.256502,Tesla Model Y
REQ-258E5C60,EV-011,EMP-011,2024-03-13T11:36:00,2024-03-13T17:28:52.588187,42,0.47,15.2,22,AC,standard,low_solar,2024-03-13T06:10:28.073931,BMW i3
REQ-49F1629E,EV-069,EMP-069,2024-03-13T07:29:00,2024-03-13T10:38:41.194014,77,0.58,23.2,50,DC,standard,low_solar,2024-03-13T05:26:19.738539,VW ID.4
REQ-1B0B20E2,EV-071,EMP-071,2024-03-13T12:45:00,2024-03-13T17:43:16.906154,77,0.33,33.7,50,DC,standard,low_solar,2024-03-13T10:13:43.115339,Kia EV6
REQ-F2457BF5,EV-003,EMP-003,2024-03-13T12:41:00,2024-03-13T20:37:25.268695,42,0.19,26.2,22,AC,standard,low_solar,2024-03-13T01:59:25.696552,BMW i3
REQ-440C16B6,EV-016,EMP-016,2024-03-13T07:09:00,2024-03-13T08:47:23.017962,75,0.43,22.0,50,DC,standard,low_solar,2024-03-13T01:59:27.433043,Tesla Model 3
REQ-F242B1AD,EV-053,EMP-053,2024-03-14T11:19:00,2024-03-14T20:03:03.396787,77,0.1,37.8,50,DC,standard,grid_constraint,2024-03-14T00:10:09.321985,VW ID.4
REQ-7B4FCC57,EV-023,EMP-023,2024-03-14T09:07:00,2024-03-14T12:16:47.796605,77,0.15,34.0,50,DC,standard,grid_constraint,2024-03-13T21:17:43.848634,Kia EV6
REQ-299CD597,EV-007,EMP-007,2024-03-14T12:02:00,2024-03-14T18:52:13.357456,77,0.49,38.2,50,DC,priority,grid_constraint,2024-03-14T04:10:11.939578,Kia EV6
REQ-F6C11A46,EV-036,EMP-036,2024-03-14T09:24:00,2024-03-14T15:49:35.874013,77,0.62,385.6,50,DC,standard,grid_constraint,2024-03-14T02:00:20.082606,Hyundai Ioniq 5
REQ-F717C02D,EV-080,EMP-080,2024-03-14T09:27:00,2024-03-14T12:13:16.038079,75,0.12,166.3,50,DC,standard,grid_constraint,2024-03-14T07:08:21.786901,Tesla Model 3
REQ-BC4AFD06,EV-070,EMP-070,2024-03-14T17:20:00,2024-03-14T21:00:00,52,0.36,26.4,22,AC,standard,grid_constraint,2024-03-14T08:21:31.282638,Renault Zoe
REQ-AF7F943F,EV-014,EMP-014,2024-03-14T07:10:00,2024-03-14T10:48:01.332250,52,0.64,17.9,22,AC,standard,grid_constraint,2024-03-13T19:35:19.890666,Renault Zoe
REQ-0A17C345,EV-067,EMP-067,2024-03-14T08:12:00,2024-03-14T11:09:32.180213,42,0.7,9.9,22,AC,standard,grid_constraint,2024-03-14T03:01:04.626479,BMW i3
REQ-287EAA14,EV-049,EMP-049,2024-03-14T07:08:00,2024-03-14T10:50:24.799261,82,0.72,20.7,50,DC,standard,grid_constraint,2024-03-13T20:33:28.919886,Tesla Model Y
REQ-594D8EC1,EV-064,EMP-064,2024-03-14T14:08:00,2024-03-14T20:50:23.180260,75,0.73,15.8,50,DC,standard,grid_constraint,2024-03-14T04:55:20.605999,Tesla Model 3
REQ-3F9EF35B,EV-066,EMP-066,2024-03-14T16:22:00,2024-03-14T21:00:00,40,0.48,10.7,22,AC,standard,grid_constraint,2024-03-14T15:05:23.253609,Nissan Leaf
REQ-10F5DEF1,EV-015,EMP-015,2024-03-14T12:59:00,2024-03-14T19:33:36.650354,77,0.25,38.0,50,DC,standard,grid_constraint,2024-03-14T06:32:36.725408,Kia EV6
REQ-F3FE441D,EV-053,EMP-053,2024-03-14T08:39:00,2024-03-14T12:00:42.955453,77,0.16,54.1,50,DC,standard,grid_constraint,2024-03-14T07:16:32.406830,VW ID.4
REQ-1C2FD70F,EV-022,EMP-022,2024-03-14T16:25:00,2024-03-14T20:34:05.524008,52,0.68,10.6,22,AC,standard,grid_constraint,2024-03-14T08:03:39.357427,Renault Zoe
REQ-3B06A08D,EV-058,EMP-058,2024-03-14T13:59:00,2024-03-14T16:58:50.996556,40,0.58,15.7,22,AC,standard,grid_constraint,2024-03-14T11:09:05.464466,Nissan Leaf
REQ-1B1F1E27,EV-028,EMP-028,2024-03-14T08:14:00,2024-03-14T10:54:11.880349,77,0.17,61.4,50,DC,standard,grid_constraint,2024-03-14T00:06:14.243158,Hyundai Ioniq 5
REQ-EFCD106C,EV-037,EMP-037,2024-03-14T12:31:00,2024-03-14T18:04:39.796774,77,0.13,49.6,50,DC,priority,grid_constraint,2024-03-14T06:21:17.108363,VW ID.4
REQ-B95B90A9,EV-048,EMP-048,2024-03-14T17:41:00,2024-03-14T21:00:00,75,0.42,43.2,50,DC,standard,grid_constraint,2024-03-14T13:57:36.961800,Tesla Model 3
REQ-BBF30BC8,EV-019,EMP-019,2024-03-14T08:09:00,2024-03-14T10:03:22.000625,42,0.62,11.8,22,AC,priority,grid_constraint,2024-03-14T01:52:17.526218,BMW i3
REQ-C8EC4144,EV-031,EMP-031,2024-03-14T10:22:00,2024-03-14T13:10:39.609777,77,0.73,17.7,50,DC,priority,grid_constraint,2024-03-14T01:56:26.683269,Kia EV6
REQ-671B2733,EV-009,EMP-009,2024-03-14T07:25:00,2024-03-14T13:16:27.221912,82,0.31,45.6,50,DC,standard,grid_constraint,2024-03-14T00:36:29.475224,Tesla Model Y
REQ-C4027D61,EV-017,EMP-017,2024-03-14T07:56:00,2024-03-14T14:01:53.269165,82,0.34,40.6,50,DC,standard,grid_constraint,2024-03-13T23:22:30.497250,Tesla Model Y
REQ-8373E744,EV-069,EMP-069,2024-03-14T10:42:00,2024-03-14T14:17:49.997361,77,0.22,34.0,50,DC,standard,grid_constraint,2024-03-14T07:34:17.336571,VW ID.4
REQ-3466FB52,EV-041,EMP-041,2024-03-14T07:32:00,2024-03-14T10:48:06.739668,82,0.38,35.1,50,DC,standard,grid_constraint,2024-03-13T20:00:11.276081,Tesla Model Y
REQ-0917544B,EV-034,EMP-034,2024-03-14T08:36:00,2024-03-14T11:25:28.396470,40,0.42,23.1,22,AC,emergency,grid_constraint,2024-03-14T02:09:15.911238,Nissan Leaf
REQ-5C033A23,EV-012,EMP-012,2024-03-14T12:34:00,2024-03-14T16:19:00.922918,77,0.47,32.0,50,DC,standard,grid_constraint,2024-03-14T04:07:31.512515,Hyundai Ioniq 5
REQ-821D0B7B,EV-008,EMP-008,2024-03-14T08:37:00,2024-03-14T13:41:26.564458,75,0.51,26.6,50,DC,standard,grid_constraint,2024-03-14T03:57:56.172328,Tesla Model 3
REQ-6B2C5E99,EV-039,EMP-039,2024-03-14T10:51:00,2024-03-14T14:16:58.300287,77,0.11,38.4,50,DC,priority,grid_constraint,2024-03-13T23:16:26.974378,Kia EV6
REQ-389E292B,EV-050,EMP-050,2024-03-14T08:09:00,2024-03-14T14:31:06.535701,40,0.21,28.1,22,AC,standard,grid_constraint,2024-03-13T23:54:29.816418,Nissan Leaf
REQ-B278EC86,EV-004,EMP-004,2024-03-14T10:28:00,2024-03-14T18:38:20.076127,77,0.35,32.2,50,DC,standard,grid_constraint,2024-03-14T08:18:03.278795,Hyundai Ioniq 5
REQ-4D444535,EV-063,EMP-063,2024-03-14T08:36:00,2024-03-14T12:37:49.484370,77,0.51,29.6,50,DC,standard,grid_constraint,2024-03-14T07:16:46.355163,Kia EV6
REQ-6CDE6CC8,EV-041,EMP-041,2024-03-14T07:27:00,2024-03-14T11:19:35.712526,82,0.29,36.9,50,DC,standard,grid_constraint,2024-03-14T03:49:50.328604,Tesla Model Y
REQ-F3AE4925,EV-010,EMP-010,2024-03-14T10:43:00,2024-03-14T14:56:25.450687,40,0.48,20.4,22,AC,standard,grid_constraint,2024-03-14T08:06:07.111357,Nissan Leaf
REQ-CF8FFB72,EV-039,EMP-039,2024-03-14T08:27:00,2024-03-14T14:54:54.608791,77,0.71,19.0,50,DC,priority,grid_constraint,2024-03-14T06:01:49.906747,Kia EV6
REQ-30AF54C9,EV-011,EMP-011,2024-03-14T07:07:00,2024-03-14T15:12:24.656364,42,0.46,11.6,22,AC,standard,grid_constraint,2024-03-13T21:49:09.150194,BMW i3
REQ-C3FC4F8D,EV-049,EMP-049,2024-03-14T07:31:00,2024-03-14T10:10:52.407774,82,0.53,36.3,50,DC,standard,grid_constraint,2024-03-14T04:10:17.784100,Tesla Model Y
REQ-706E0DB1,EV-067,EMP-067,2024-03-14T08:15:00,2024-03-14T10:44:04.481987,42,0.65,7.6,22,AC,standard,grid_constraint,2024-03-13T21:51:20.730959,BMW i3
REQ-170F518B,EV-072,EMP-072,2024-03-14T07:57:00,2024-03-14T16:45:44.501727,75,0.45,26.2,50,DC,priority,grid_constraint,2024-03-13T20:18:00.950247,Tesla Model 3
REQ-8F11E2D0,EV-062,EMP-062,2024-03-14T11:21:00,2024-03-14T17:19:54.773369,52,0.51,20.8,22,AC,standard,grid_constraint,2024-03-14T04:49:48.764100,Renault Zoe
REQ-47003031,EV-052,EMP-052,2024-03-14T11:37:00,2024-03-14T15:43:13.544104,77,0.45,38.2,50,DC,standard,grid_constraint,2024-03-14T06:54:36.570471,Hyundai Ioniq 5
REQ-89162060,EV-042,EMP-042,2024-03-14T07:36:00,2024-03-14T09:06:02.493353,40,0.63,13.7,22,AC,standard,grid_constraint,2024-03-14T01:42:15.204653,Nissan Leaf
REQ-0628A3EC,EV-030,EMP-030,2024-03-14T08:50:00,2024-03-14T17:26:07.852820,52,0.41,15.5,22,AC,standard,grid_constraint,2024-03-14T04:57:53.003822,Renault Zoe
REQ-FB1668D9,EV-004,EMP-004,2024-03-14T07:00:00,2024-03-14T11:18:08.384666,77,0.37,37.9,50,DC,standard,grid_constraint,2024-03-14T04:37:20.642893,Hyundai Ioniq 5
REQ-BCC9BF8F,EV-043,EMP-043,2024-03-14T11:46:00,2024-03-14T16:06:15.667627,42,0.27,21.8,22,AC,standard,grid_constraint,2024-03-14T02:28:28.114625,BMW i3
REQ-EC998A77,EV-019,EMP-019,2024-03-14T14:36:00,2024-03-14T21:00:00,42,0.29,26.0,22,AC,priority,grid_constraint,2024-03-14T09:21:05.779512,BMW i3
REQ-B9F657B2,EV-065,EMP-065,2024-03-14T13:21:00,2024-03-14T17:01:19.073081,82,0.51,32.5,50,DC,priority,grid_constraint,2024-03-14T05:41:17.993497,Tesla Model Y
REQ-030A4870,EV-064,EMP-064,2024-03-14T07:02:00,2024-03-14T08:54:20.065950,75,0.45,24.5,50,DC,standard,grid_constraint,2024-03-14T03:26:15.321498,Tesla Model 3
REQ-E5C6BA3D,EV-031,EMP-031,2024-03-14T12:27:00,2024-03-14T15:41:45.883445,77,0.2,46.0,50,DC,priority,grid_constraint,2024-03-14T08:22:00.725233,Kia EV6
REQ-4C1B4333,EV-048,EMP-048,2024-03-14T12:59:00,2024-03-14T17:57:39.480614,75,0.61,19.5,50,DC,standard,grid_constraint,2024-03-14T01:32:21.936672,Tesla Model 3
REQ-43828485,EV-060,EMP-060,2024-03-14T08:33:00,2024-03-14T10:35:07.386758,77,0.41,27.1,50,DC,standard,grid_constraint,2024-03-13T22:39:05.820026,Hyundai Ioniq 5
REQ-31DEBEC5,EV-061,EMP-061,2024-03-14T13:14:00,2024-03-14T20:29:39.933113,77,0.26,50.5,50,DC,emergency,grid_constraint,2024-03-14T04:15:02.572880,VW ID.4
REQ-92489CF8,EV-056,EMP-056,2024-03-14T07:55:00,2024-03-14T15:11:56.891130,75,0.44,41.6,50,DC,standard,grid_constraint,2024-03-13T23:34:48.287950,Tesla Model 3
REQ-44F425F0,EV-008,EMP-008,2024-03-14T07:38:00,2024-03-14T13:51:07.434862,75,0.13,63.2,50,DC,standard,grid_constraint,2024-03-14T04:13:12.852550,Tesla Model 3
REQ-B9E94A18,EV-011,EMP-011,2024-03-14T11:23:00,2024-03-14T19:32:23.028553,42,0.66,8.7,22,AC,standard,grid_constraint,2024-03-14T03:36:17.568812,BMW i3
REQ-CDB1211C,EV-039,EMP-039,2024-03-14T07:20:00,2024-03-14T10:54:14.701184,77,0.18,214.2,50,DC,priority,grid_constraint,2024-03-14T06:21:01.474523,Kia EV6
REQ-E7E13805,EV-019,EMP-019,2024-03-14T11:57:00,2024-03-14T17:55:17.731666,42,0.34,15.1,22,AC,priority,grid_constraint,2024-03-14T10:23:55.975735,BMW i3
REQ-83C3FD12,EV-069,EMP-069,2024-03-14T12:51:00,2024-03-14T21:00:00,77,0.51,20.0,50,DC,standard,grid_constraint,2024-03-14T04:17:05.015003,VW ID.4
REQ-0FDE00F0,EV-023,EMP-023,2024-03-14T11:15:00,2024-03-14T14:29:42.215033,77,0.74,17.9,50,DC,standard,grid_constraint,2024-03-14T01:29:11.249409,Kia EV6
REQ-258031D8,EV-071,EMP-071,2024-03-14T09:23:00,2024-03-14T16:03:09.749468,77,0.33,29.3,50,DC,standard,grid_constraint,2024-03-14T03:18:08.491687,Kia EV6
REQ-AB8453B2,EV-033,EMP-033,2024-03-14T09:35:00,2024-03-14T16:18:40.019925,82,0.22,37.9,50,DC,standard,grid_constraint,2024-03-14T00:39:38.540221,Tesla Model Y
REQ-52056D20,EV-016,EMP-016,2024-03-14T08:39:00,2024-03-14T17:00:30.798053,75,0.46,21.6,50,DC,standard,grid_constraint,2024-03-14T04:44:59.151826,Tesla Model 3
REQ-3D6F1039,EV-057,EMP-057,2024-03-14T07:44:00,2024-03-14T09:14:19.435376,82,0.51,27.7,50,DC,standard,grid_constraint,2024-03-14T07:01:04.997937,Tesla Model Y
REQ-39A82868,EV-064,EMP-064,2024-03-14T14:33:00,2024-03-14T17:50:27.237072,75,0.57,26.7,50,DC,standard,grid_constraint,2024-03-14T09:35:37.879217,Tesla Model 3
REQ-CB721439,EV-047,EMP-047,2024-03-14T09:59:00,2024-03-14T15:37:09.630796,77,0.5,25.5,50,DC,standard,grid_constraint,2024-03-14T08:12:46.784851,Kia EV6
REQ-FC4604EC,EV-010,EMP-010,2024-03-14T09:08:00,2024-03-14T16:53:50.220663,40,0.18,30.7,22,AC,standard,grid_constraint,2024-03-14T03:03:05.670108,Nissan Leaf
REQ-9813C427,EV-001,EMP-001,2024-03-14T08:08:00,2024-03-14T15:54:20.087218,82,0.53,29.4,50,DC,standard,grid_constraint,2024-03-14T04:41:24.144844,Tesla Model Y
REQ-ABD9AA54,EV-053,EMP-053,2024-03-14T10:12:00,2024-03-14T12:13:53.596946,77,0.7,14.0,50,DC,standard,grid_constraint,2024-03-13T23:28:03.632738,VW ID.4
REQ-09D2A892,EV-056,EMP-056,2024-03-14T08:36:00,2024-03-14T10:33:18.905084,75,0.46,39.2,50,DC,standard,grid_constraint,2024-03-14T03:51:20.557854,Tesla Model 3
REQ-60811BE8,EV-026,EMP-026,2024-03-14T12:38:00,2024-03-14T16:07:37.022131,40,0.13,18.6,22,AC,standard,grid_constraint,2024-03-14T01:16:13.415845,Nissan Leaf
REQ-24E3B355,EV-029,EMP-029,2024-03-14T15:17:00,2024-03-14T21:00:00,77,0.45,25.2,50,DC,priority,grid_constraint,2024-03-14T11:55:21.210597,VW ID.4
REQ-0D18D7B4,EV-013,EMP-013,2024-03-14T11:21:00,2024-03-14T18:28:08.247665,77,0.37,26.8,50,DC,standard,grid_constraint,2024-03-14T06:44:00.316653,VW ID.4
REQ-B569885E,EV-053,EMP-053,2024-03-14T10:19:00,2024-03-14T18:26:16.248523,77,0.21,35.9,50,DC,standard,grid_constraint,2024-03-14T05:56:06.967159,VW ID.4
REQ-093C0F9F,EV-021,EMP-021,2024-03-14T08:59:00,2024-03-14T13:48:21.328590,77,0.33,33.9,50,DC,priority,grid_constraint,2024-03-14T04:44:59.319903,VW ID.4
REQ-87C7BA75,EV-069,EMP-069,2024-03-14T10:31:00,2024-03-14T15:14:45.877964,77,0.57,26.6,50,DC,standard,grid_constraint,2024-03-14T07:33:23.375168,VW ID.4
REQ-784CF434,EV-034,EMP-034,2024-03-14T12:51:00,2024-03-14T16:15:20.406434,40,0.73,7.8,22,AC,emergency,grid_constraint,2024-03-14T03:59:50.630277,Nissan Leaf
REQ-242654C6,EV-030,EMP-030,2024-03-14T16:47:00,2024-03-14T21:00:00,52,0.75,8.5,22,AC,standard,grid_constraint,2024-03-14T13:43:53.890476,Renault Zoe
REQ-D9690FD7,EV-023,EMP-023,2024-03-14T13:02:00,2024-03-14T20:41:52.377906,77,0.55,22.1,50,DC,standard,grid_constraint,2024-03-14T06:08:08.224260,Kia EV6
REQ-1E854D8A,EV-055,EMP-055,2024-03-14T15:27:00,2024-03-14T17:13:58.880102,77,0.33,29.4,50,DC,standard,grid_constraint,2024-03-14T08:15:18.753757,Kia EV6
REQ-A0A904CD,EV-061,EMP-061,2024-03-14T08:37:00,2024-03-14T10:48:21.438275,77,0.36,47.3,50,DC,emergency,grid_constraint,2024-03-13T23:47:43.766193,VW ID.4
REQ-EA7B0E42,EV-034,EMP-034,2024-03-14T11:20:00,2024-03-14T19:01:34.041598,40,0.55,14.2,22,AC,emergency,grid_constraint,2024-03-14T03:59:17.428214,Nissan Leaf
REQ-D41B6286,EV-063,EMP-063,2024-03-14T08:27:00,2024-03-14T14:16:19.659796,77,0.15,34.6,50,DC,standard,grid_constraint,2024-03-14T03:56:55.689432,Kia EV6
REQ-BD6403DF,EV-039,EMP-039,2024-03-14T13:49:00,2024-03-14T21:00:00,77,0.67,15.6,50,DC,priority,grid_constraint,2024-03-14T06:23:24.712339,Kia EV6
REQ-10E416A7,EV-030,EMP-030,2024-03-14T08:33:00,2024-03-14T12:55:07.147979,52,0.3,18.9,22,AC,standard,grid_constraint,2024-03-14T06:19:47.387206,Renault Zoe
REQ-C49306AC,EV-045,EMP-045,2024-03-14T09:26:00,2024-03-14T11:18:44.034982,77,0.58,22.5,50,DC,standard,grid_constraint,2024-03-14T02:05:21.527280,VW ID.4
REQ-8630C3AE,EV-021,EMP-021,2024-03-14T09:26:00,2024-03-14T13:06:24.141787,77,0.36,27.9,50,DC,priority,grid_constraint,2024-03-14T02:21:42.359553,VW ID.4
REQ-3869545A,EV-025,EMP-025,2024-03-14T07:47:00,2024-03-14T09:55:17.132662,82,0.43,41.5,50,DC,emergency,grid_constraint,2024-03-14T05:43:56.350382,Tesla Model Y
REQ-7FBED627,EV-028,EMP-028,2024-03-14T09:58:00,2024-03-14T16:21:30.707852,77,0.23,47.9,50,DC,standard,grid_constraint,2024-03-14T06:38:05.422203,Hyundai Ioniq 5
REQ-759AEEB1,EV-057,EMP-057,2024-03-14T08:33:00,2024-03-14T12:28:32.114311,82,0.7,13.4,50,DC,standard,grid_constraint,2024-03-14T03:10:45.419062,Tesla Model Y
REQ-F99B4C7D,EV-059,EMP-059,2024-03-14T07:38:00,2024-03-14T13:35:14.683024,42,0.12,24.1,22,AC,standard,grid_constraint,2024-03-14T00:02:48.450830,BMW i3
REQ-45F3800A,EV-069,EMP-069,2024-03-14T16:19:00,2024-03-14T18:54:37.098830,77,0.13,60.9,50,DC,standard,grid_constraint,2024-03-14T11:31:03.819281,VW ID.4
REQ-61BE06DA,EV-053,EMP-053,2024-03-14T12:42:00,2024-03-14T15:02:34.037001,77,0.14,64.5,50,DC,standard,grid_constraint,2024-03-14T02:12:33.652642,VW ID.4
REQ-2A7755E9,EV-060,EMP-060,2024-03-14T13:01:00,2024-03-14T19:43:12.471077,77,0.17,402.2,50,DC,standard,grid_constraint,2024-03-14T10:06:47.004997,Hyundai Ioniq 5
REQ-A498729B,EV-036,EMP-036,2024-03-14T09:24:00,2024-03-14T14:49:28.178800,77,0.27,41.7,50,DC,standard,grid_constraint,2024-03-14T07:16:28.216774,Hyundai Ioniq 5
REQ-53487C55,EV-056,EMP-056,2024-03-14T11:02:00,2024-03-14T16:54:21.133470,75,0.53,18.4,50,DC,standard,grid_constraint,2024-03-14T07:16:01.839401,Tesla Model 3
REQ-B5A3D400,EV-013,EMP-013,2024-03-14T12:14:00,2024-03-14T14:07:53.301714,77,0.53,18.2,50,DC,standard,grid_constraint,2024-03-14T08:36:47.750306,VW ID.4
REQ-6C9C96E9,EV-018,EMP-018,2024-03-14T14:19:00,2024-03-14T21:00:00,40,0.11,33.2,22,AC,standard,grid_constraint,2024-03-14T11:09:29.619126,Nissan Leaf
REQ-B17FBA3F,EV-033,EMP-033,2024-03-14T10:57:00,2024-03-14T13:11:49.300220,82,0.31,52.8,50,DC,standard,grid_constraint,2024-03-14T08:18:22.320161,Tesla Model Y
REQ-BE8E9DCD,EV-028,EMP-028,2024-03-14T09:54:00,2024-03-14T18:20:51.449272,77,0.11,42.7,50,DC,standard,grid_constraint,2024-03-14T05:33:50.217126,Hyundai Ioniq 5
REQ-9D653352,EV-045,EMP-045,2024-03-14T09:18:00,2024-03-14T13:24:03.057379,77,0.33,41.9,50,DC,standard,grid_constraint,2024-03-13T21:33:00.687336,VW ID.4
REQ-238923AF,EV-056,EMP-056,2024-03-14T10:37:00,2024-03-14T16:48:36.393820,75,0.67,23.4,50,DC,standard,grid_constraint,2024-03-14T09:46:40.111804,Tesla Model 3
REQ-3404A52B,EV-037,EMP-037,2024-03-15T12:11:00,2024-03-15T19:35:17.304647,77,0.22,444.3,50,DC,priority,tight_departure,2024-03-15T05:01:30.795493,VW ID.4
REQ-3B30A392,EV-067,EMP-067,2024-03-15T15:16:00,2024-03-15T19:00:40.951003,42,0.34,98.9,22,AC,standard,tight_departure,2024-03-15T13:59:18.599538,BMW i3
REQ-A112AD96,EV-004,EMP-004,2024-03-15T10:06:00,2024-03-15T13:47:46.483261,77,0.19,221.8,50,DC,standard,tight_departure,2024-03-15T06:26:39.072330,Hyundai Ioniq 5
REQ-BF346291,EV-080,EMP-080,2024-03-15T10:02:00,2024-03-15T16:45:07.396428,75,0.5,403.1,50,DC,standard,tight_departure,2024-03-15T01:08:29.239282,Tesla Model 3
REQ-0A4A39C3,EV-042,EMP-042,2024-03-15T12:58:00,2024-03-15T18:05:38.900547,40,0.55,135.4,22,AC,standard,tight_departure,2024-03-15T01:07:28.072487,Nissan Leaf
REQ-0BFA5A51,EV-032,EMP-032,2024-03-15T08:13:00,2024-03-15T12:05:25.191079,75,0.44,232.4,50,DC,standard,tight_departure,2024-03-15T03:38:50.471543,Tesla Model 3
REQ-554AB379,EV-059,EMP-059,2024-03-15T08:07:00,2024-03-15T13:30:52.056605,42,0.51,142.5,22,AC,standard,tight_departure,2024-03-15T05:32:51.840609,BMW i3
REQ-21276DDD,EV-045,EMP-045,2024-03-15T12:25:00,2024-03-15T21:00:00,77,0.1,515.0,50,DC,standard,tight_departure,2024-03-15T04:43:25.925265,VW ID.4
REQ-90153918,EV-042,EMP-042,2024-03-15T08:41:00,2024-03-15T16:10:48.237484,40,0.75,197.9,22,AC,standard,tight_departure,2024-03-15T04:20:41.000563,Nissan Leaf
REQ-D2542035,EV-051,EMP-051,2024-03-15T10:16:00,2024-03-15T11:51:05.026235,42,0.23,41.8,22,AC,standard,tight_departure,2024-03-15T00:40:45.906182,BMW i3
REQ-69B34B30,EV-004,EMP-004,2024-03-15T08:00:00,2024-03-15T11:55:45.943663,77,0.1,235.8,50,DC,standard,tight_departure,2024-03-15T03:34:27.630371,Hyundai Ioniq 5
REQ-A967B0A9,EV-024,EMP-024,2024-03-15T12:13:00,2024-03-15T13:56:06.169309,75,0.21,103.1,50,DC,standard,tight_departure,2024-03-15T07:49:49.414192,Tesla Model 3
REQ-0EDD214B,EV-032,EMP-032,2024-03-15T12:49:00,2024-03-15T20:17:45.868363,75,0.52,448.8,50,DC,standard,tight_departure,2024-03-15T05:06:13.899809,Tesla Model 3
REQ-BB32A4D9,EV-025,EMP-025,2024-03-15T14:04:00,2024-03-15T18:04:47.960672,82,0.61,240.8,50,DC,emergency,tight_departure,2024-03-15T05:01:36.995649,Tesla Model Y
REQ-3F8019AB,EV-067,EMP-067,2024-03-15T13:35:00,2024-03-15T20:31:14.032167,42,0.31,183.1,22,AC,standard,tight_departure,2024-03-15T10:41:17.933734,BMW i3
REQ-877175E6,EV-037,EMP-037,2024-03-15T12:35:00,2024-03-15T20:44:36.795677,77,0.33,489.6,50,DC,priority,tight_departure,2024-03-15T08:51:28.954814,VW ID.4
REQ-58BE63C3,EV-034,EMP-034,2024-03-15T08:58:00,2024-03-15T15:09:55.792886,40,0.65,163.6,22,AC,emergency,tight_departure,2024-03-15T03:59:11.956261,Nissan Leaf
REQ-A11F0DC8,EV-050,EMP-050,2024-03-15T10:43:00,2024-03-15T17:51:11.585634,40,0.56,188.4,22,AC,standard,tight_departure,2024-03-15T09:51:10.591864,Nissan Leaf
REQ-E522A045,EV-005,EMP-005,2024-03-15T09:59:00,2024-03-15T13:15:56.340649,77,0.39,196.9,50,DC,standard,tight_departure,2024-03-15T06:59:51.808998,VW ID.4
REQ-F2B9D752,EV-042,EMP-042,2024-03-15T07:13:00,2024-03-15T14:36:13.487547,40,0.61,195.0,22,AC,standard,tight_departure,2024-03-15T01:36:47.752550,Nissan Leaf
REQ-8EB389C7,EV-012,EMP-012,2024-03-15T07:57:00,2024-03-15T13:12:01.466328,77,0.22,315.0,50,DC,standard,tight_departure,2024-03-14T23:01:36.939836,Hyundai Ioniq 5
REQ-3DBC3549,EV-067,EMP-067,2024-03-15T10:33:00,2024-03-15T13:07:28.966295,42,0.67,68.0,22,AC,standard,tight_departure,2024-03-14T23:15:45.812746,BMW i3
REQ-DC898306,EV-037,EMP-037,2024-03-15T11:15:00,2024-03-15T18:11:03.407071,77,0.4,416.1,50,DC,priority,tight_departure,2024-03-15T04:44:34.922249,VW ID.4
REQ-7F894CF3,EV-058,EMP-058,2024-03-15T08:51:00,2024-03-15T15:30:10.412930,40,0.49,175.6,22,AC,standard,tight_departure,2024-03-15T02:58:51.337637,Nissan Leaf
REQ-85482093,EV-010,EMP-010,2024-03-15T08:02:00,2024-03-15T14:28:32.575740,40,0.3,170.1,22,AC,standard,tight_departure,2024-03-15T03:56:37.284005,Nissan Leaf
REQ-42A6B9C5,EV-063,EMP-063,2024-03-15T13:38:00,2024-03-15T16:34:38.732270,77,0.28,176.6,50,DC,standard,tight_departure,2024-03-15T08:03:37.813218,Kia EV6
REQ-510608D2,EV-076,EMP-076,2024-03-15T07:17:00,2024-03-15T10:50:08.195918,77,0.11,213.1,50,DC,standard,tight_departure,2024-03-15T00:52:17.888595,Hyundai Ioniq 5
REQ-D707E236,EV-056,EMP-056,2024-03-15T07:42:00,2024-03-15T11:35:19.092620,75,0.19,233.3,50,DC,standard,tight_departure,2024-03-15T03:56:32.717385,Tesla Model 3
REQ-548912EE,EV-011,EMP-011,2024-03-15T07:08:00,2024-03-15T13:13:58.097855,42,0.32,161.0,22,AC,standard,tight_departure,2024-03-15T05:08:14.936315,BMW i3
REQ-02015FF8,EV-034,EMP-034,2024-03-15T10:21:00,2024-03-15T12:38:40.026809,40,0.13,60.6,22,AC,emergency,tight_departure,2024-03-15T07:47:30.104079,Nissan Leaf
REQ-88229955,EV-037,EMP-037,2024-03-15T10:11:00,2024-03-15T17:57:16.708903,77,0.55,466.3,50,DC,priority,tight_departure,2024-03-15T06:05:24.957042,VW ID.4
REQ-F48D518A,EV-015,EMP-015,2024-03-15T14:25:00,2024-03-15T20:56:53.497167,77,0.45,391.9,50,DC,standard,tight_departure,2024-03-15T05:13:32.242467,Kia EV6
REQ-3E3E05E7,EV-048,EMP-048,2024-03-15T09:15:00,2024-03-15T16:50:46.977479,75,0.7,455.8,50,DC,standard,tight_departure,2024-03-15T03:30:38.815331,Tesla Model 3
REQ-D79BDD04,EV-058,EMP-058,2024-03-15T12:25:00,2024-03-15T17:24:25.707234,40,0.25,131.7,22,AC,standard,tight_departure,2024-03-15T02:00:50.614130,Nissan Leaf
REQ-3EA10516,EV-017,EMP-017,2024-03-15T12:49:00,2024-03-15T17:15:26.076796,82,0.55,266.4,50,DC,standard,tight_departure,2024-03-15T03:14:44.561557,Tesla Model Y
REQ-2FC4FF88,EV-037,EMP-037,2024-03-15T13:54:00,2024-03-15T15:37:37.131570,77,0.41,103.6,50,DC,priority,tight_departure,2024-03-15T08:05:44.594295,VW ID.4
REQ-03162752,EV-021,EMP-021,2024-03-15T08:32:00,2024-03-15T14:33:59.886249,77,0.18,362.0,50,DC,priority,tight_departure,2024-03-14T22:37:53.310262,VW ID.4
REQ-43056932,EV-056,EMP-056,2024-03-15T11:39:00,2024-03-15T18:01:15.188145,75,0.62,382.3,50,DC,standard,tight_departure,2024-03-15T06:32:26.197944,Tesla Model 3
REQ-6254BB08,EV-073,EMP-073,2024-03-15T10:14:00,2024-03-15T15:50:34.623467,82,0.73,336.6,50,DC,priority,tight_departure,2024-03-15T05:48:54.433851,Tesla Model Y
REQ-C99A7714,EV-064,EMP-064,2024-03-15T14:10:00,2024-03-15T21:00:00,75,0.38,410.0,50,DC,standard,tight_departure,2024-03-15T07:24:16.587160,Tesla Model 3
REQ-0942C2EF,EV-058,EMP-058,2024-03-15T08:19:00,2024-03-15T10:24:03.148870,40,0.71,55.0,22,AC,standard,tight_departure,2024-03-15T02:13:13.505311,Nissan Leaf
REQ-605BF71E,EV-010,EMP-010,2024-03-15T09:55:00,2024-03-15T15:34:47.367933,40,0.63,149.5,22,AC,standard,tight_departure,2024-03-14T22:25:26.425320,Nissan Leaf
REQ-4BEFEB7B,EV-010,EMP-010,2024-03-15T07:13:00,2024-03-15T14:49:19.801440,40,0.6,200.8,22,AC,standard,tight_departure,2024-03-15T01:01:56.180898,Nissan Leaf
REQ-2A5709B4,EV-036,EMP-036,2024-03-15T11:10:00,2024-03-15T18:47:39.906928,77,0.68,457.7,50,DC,standard,tight_departure,2024-03-15T03:21:04.101251,Hyundai Ioniq 5
REQ-B0F3EF67,EV-030,EMP-030,2024-03-15T07:17:00,2024-03-15T09:54:08.843658,52,0.45,69.1,22,AC,standard,tight_departure,2024-03-15T00:08:13.639423,Renault Zoe
REQ-D498AE95,EV-042,EMP-042,2024-03-15T08:21:00,2024-03-15T12:13:28.138366,40,0.47,102.3,22,AC,standard,tight_departure,2024-03-15T04:20:51.624492,Nissan Leaf
REQ-6DC00FEA,EV-031,EMP-031,2024-03-15T16:18:00,2024-03-15T21:00:00,77,0.32,282.0,50,DC,priority,tight_departure,2024-03-15T15:42:23.862950,Kia EV6
REQ-6D7320E8,EV-064,EMP-064,2024-03-15T16:12:00,2024-03-15T18:39:24.003821,75,0.29,147.4,50,DC,standard,tight_departure,2024-03-15T09:23:16.155345,Tesla Model 3
REQ-A05CBBEB,EV-041,EMP-041,2024-03-15T08:24:00,2024-03-15T16:03:20.338658,82,0.33,459.3,50,DC,standard,tight_departure,2024-03-14T21:56:40.863035,Tesla Model Y
REQ-8E496D95,EV-076,EMP-076,2024-03-15T08:24:00,2024-03-15T12:51:25.244739,77,0.31,267.4,50,DC,standard,tight_departure,2024-03-15T03:30:43.207134,Hyundai Ioniq 5
REQ-1A0D9A95,EV-031,EMP-031,2024-03-15T10:19:00,2024-03-15T15:22:41.528150,77,0.22,303.7,50,DC,priority,tight_departure,2024-03-14T23:11:06.443428,Kia EV6
REQ-63803640,EV-031,EMP-031,2024-03-15T13:18:00,2024-03-15T21:00:00,77,0.54,462.0,50,DC,priority,tight_departure,2024-03-15T11:58:29.715743,Kia EV6
REQ-3E4A259D,EV-062,EMP-062,2024-03-15T08:26:00,2024-03-15T13:35:00.936097,52,0.38,136.0,22,AC,standard,tight_departure,2024-03-15T06:57:34.933406,Renault Zoe
REQ-F6BCFAC9,EV-073,EMP-073,2024-03-15T11:49:00,2024-03-15T16:44:12.773668,82,0.61,295.2,50,DC,priority,tight_departure,2024-03-15T06:25:15.847323,Tesla Model Y
REQ-A44B7189,EV-046,EMP-046,2024-03-15T08:01:00,2024-03-15T13:39:25.350820,52,0.39,148.9,22,AC,standard,tight_departure,2024-03-15T05:22:48.251205,Renault Zoe
REQ-63BD9F56,EV-053,EMP-053,2024-03-15T12:09:00,2024-03-15T20:00:03.704940,77,0.25,471.1,50,DC,standard,tight_departure,2024-03-15T06:55:31.314514,VW ID.4
REQ-16CA98D5,EV-013,EMP-013,2024-03-15T09:44:00,2024-03-15T18:34:12.303135,77,0.47,530.2,50,DC,standard,tight_departure,2024-03-15T07:55:54.995098,VW ID.4
REQ-4510BA94,EV-070,EMP-070,2024-03-15T10:22:00,2024-03-15T12:55:56.361957,52,0.58,67.7,22,AC,standard,tight_departure,2024-03-14T22:33:16.129166,Renault Zoe
REQ-2112E29D,EV-015,EMP-015,2024-03-15T11:55:00,2024-03-15T14:00:12.334252,77,0.68,125.2,50,DC,standard,tight_departure,2024-03-15T05:59:00.504905,Kia EV6
REQ-475B0EB9,EV-057,EMP-057,2024-03-15T12:55:00,2024-03-15T15:00:08.211797,82,0.51,125.1,50,DC,standard,tight_departure,2024-03-15T08:49:22.511532,Tesla Model Y
REQ-30B39F63,EV-034,EMP-034,2024-03-15T07:41:00,2024-03-15T15:01:20.232598,40,0.4,193.7,22,AC,emergency,tight_departure,2024-03-15T01:47:13.778966,Nissan Leaf
REQ-3CACA805,EV-025,EMP-025,2024-03-15T11:50:00,2024-03-15T20:32:15.695167,82,0.62,522.3,50,DC,emergency,tight_departure,2024-03-15T10:55:37.493657,Tesla Model Y
REQ-9B76D05B,EV-062,EMP-062,2024-03-15T17:14:00,2024-03-15T21:00:00,52,0.47,99.4,22,AC,standard,tight_departure,2024-03-15T11:17:31.153977,Renault Zoe
REQ-6847CDC3,EV-036,EMP-036,2024-03-15T07:06:00,2024-03-15T16:01:39.850394,77,0.63,535.7,50,DC,standard,tight_departure,2024-03-15T03:18:05.831909,Hyundai Ioniq 5
REQ-C49E3B8F,EV-051,EMP-051,2024-03-15T08:00:00,2024-03-15T15:53:09.021913,42,0.28,208.2,22,AC,standard,tight_departure,2024-03-15T04:16:07.762037,BMW i3
REQ-784DF790,EV-010,EMP-010,2024-03-15T13:01:00,2024-03-15T15:21:11.833916,40,0.21,61.7,22,AC,standard,tight_departure,2024-03-15T10:46:42.985603,Nissan Leaf
REQ-D9D0D6A4,EV-011,EMP-011,2024-03-15T10:36:00,2024-03-15T14:03:33.819873,42,0.56,91.3,22,AC,standard,tight_departure,2024-03-15T00:54:25.998935,BMW i3
REQ-EDC9387E,EV-017,EMP-017,2024-03-15T13:41:00,2024-03-15T15:48:58.839574,82,0.19,128.0,50,DC,standard,tight_departure,2024-03-15T11:24:38.177641,Tesla Model Y
REQ-25703BB8,EV-050,EMP-050,2024-03-15T10:59:00,2024-03-15T18:15:39.930307,40,0.25,192.1,22,AC,standard,tight_departure,2024-03-15T03:09:04.408807,Nissan Leaf
REQ-3D65397E,EV-021,EMP-021,2024-03-15T08:28:00,2024-03-15T12:33:17.044426,77,0.52,245.3,50,DC,priority,tight_departure,2024-03-15T06:37:57.833313,VW ID.4
REQ-E143BF99,EV-037,EMP-037,2024-03-15T07:47:00,2024-03-15T11:32:36.912509,77,0.58,225.6,50,DC,priority,tight_departure,2024-03-15T01:09:33.637540,VW ID.4
REQ-34DEFC90,EV-069,EMP-069,2024-03-15T10:24:00,2024-03-15T15:27:33.918681,77,0.19,303.6,50,DC,standard,tight_departure,2024-03-15T09:45:48.870140,VW ID.4
REQ-8BB08F1D,EV-044,EMP-044,2024-03-15T16:20:00,2024-03-15T21:00:00,77,0.73,280.0,50,DC,standard,tight_departure,2024-03-15T15:21:41.870738,Hyundai Ioniq 5
REQ-4BCD111B,EV-001,EMP-001,2024-03-15T14:16:00,2024-03-15T21:00:00,82,0.38,404.0,50,DC,standard,tight_departure,2024-03-15T03:53:44.075130,Tesla Model Y
REQ-F8D47569,EV-071,EMP-071,2024-03-15T07:32:00,2024-03-15T09:46:13.473287,77,0.53,134.2,50,DC,standard,tight_departure,2024-03-14T22:08:31.547966,Kia EV6
REQ-54AC3928,EV-020,EMP-020,2024-03-15T12:28:00,2024-03-15T18:22:55.555860,77,0.23,354.9,50,DC,standard,tight_departure,2024-03-15T04:01:42.477183,Hyundai Ioniq 5
REQ-B837D8A3,EV-048,EMP-048,2024-03-15T08:05:00,2024-03-15T14:37:45.650213,75,0.64,392.8,50,DC,standard,tight_departure,2024-03-15T06:27:35.271358,Tesla Model 3
REQ-C65D0EE0,EV-039,EMP-039,2024-03-15T07:53:00,2024-03-15T11:01:44.240795,77,0.28,188.7,50,DC,priority,tight_departure,2024-03-15T07:06:38.800424,Kia EV6
REQ-73516A73,EV-033,EMP-033,2024-03-15T08:52:00,2024-03-15T15:17:28.349001,82,0.64,385.5,50,DC,standard,tight_departure,2024-03-15T01:01:43.368554,Tesla Model Y
REQ-FFB871F1,EV-007,EMP-007,2024-03-15T11:14:00,2024-03-15T19:09:23.902256,77,0.18,475.4,50,DC,priority,tight_departure,2024-03-15T00:23:04.255294,Kia EV6
REQ-7965B246,EV-049,EMP-049,2024-03-15T10:56:00,2024-03-15T19:09:12.044020,82,0.55,493.2,50,DC,standard,tight_departure,2024-03-15T05:03:48.039100,Tesla Model Y
REQ-23659AE0,EV-020,EMP-020,2024-03-15T16:54:00,2024-03-15T21:00:00,77,0.28,246.0,50,DC,standard,tight_departure,2024-03-15T06:00:39.592195,Hyundai Ioniq 5
REQ-9EF447FE,EV-044,EMP-044,2024-03-15T11:38:00,2024-03-15T14:20:53.082854,77,0.15,162.9,50,DC,standard,tight_departure,2024-03-15T06:43:52.121299,Hyundai Ioniq 5
REQ-4C6E6926,EV-050,EMP-050,2024-03-15T07:07:00,2024-03-15T15:47:01.353879,40,0.27,228.8,22,AC,standard,tight_departure,2024-03-15T00:57:42.718043,Nissan Leaf
REQ-18AD47D6,EV-045,EMP-045,2024-03-15T16:49:00,2024-03-15T19:39:17.938592,77,0.42,170.3,50,DC,standard,tight_departure,2024-03-15T07:28:35.516815,VW ID.4
REQ-55B5E99D,EV-067,EMP-067,2024-03-15T08:17:00,2024-03-15T16:37:40.449017,42,0.57,220.3,22,AC,standard,tight_departure,2024-03-15T06:56:41.132560,BMW i3
REQ-4928C467,EV-004,EMP-004,2024-03-15T09:30:00,2024-03-15T14:20:38.815413,77,0.68,290.6,50,DC,standard,tight_departure,2024-03-15T01:38:10.119852,Hyundai Ioniq 5
REQ-9953AFE3,EV-012,EMP-012,2024-03-15T16:59:00,2024-03-15T20:28:53.784990,77,0.56,209.9,50,DC,standard,tight_departure,2024-03-15T09:52:29.893579,Hyundai Ioniq 5
REQ-D239C863,EV-053,EMP-053,2024-03-15T10:52:00,2024-03-15T16:02:48.345255,77,0.38,310.8,50,DC,standard,tight_departure,2024-03-15T01:23:09.206670,VW ID.4
REQ-6257D098,EV-003,EMP-003,2024-03-15T12:04:00,2024-03-15T13:35:29.298728,42,0.72,40.3,22,AC,standard,tight_departure,2024-03-15T06:01:22.453456,BMW i3
REQ-F3CD1961,EV-069,EMP-069,2024-03-15T10:52:00,2024-03-15T15:03:30.794818,77,0.54,251.5,50,DC,standard,tight_departure,2024-03-15T03:05:43.917399,VW ID.4
REQ-4D5BAD74,EV-054,EMP-054,2024-03-15T15:16:00,2024-03-15T20:46:34.910007,52,0.72,145.5,22,AC,priority,tight_departure,2024-03-15T09:28:50.930755,Renault Zoe
REQ-35FC960D,EV-068,EMP-068,2024-03-15T12:17:00,2024-03-15T15:06:28.694222,77,0.13,169.5,50,DC,standard,tight_departure,2024-03-15T09:35:12.469138,Hyundai Ioniq 5
REQ-7B77DBA7,EV-024,EMP-024,2024-03-15T12:47:00,2024-03-15T19:00:46.660551,75,0.33,373.8,50,DC,standard,tight_departure,2024-03-15T05:00:22.441459,Tesla Model 3
REQ-20C84AB9,EV-074,EMP-074,2024-03-15T11:16:00,2024-03-15T14:12:53.503411,40,0.57,77.8,22,AC,standard,tight_departure,2024-03-15T05:08:25.772410,Nissan Leaf
REQ-AA1D5002,EV-004,EMP-004,2024-03-15T08:04:00,2024-03-15T11:52:28.733750,77,0.45,228.5,50,DC,standard,tight_departure,2024-03-15T02:23:58.678709,Hyundai Ioniq 5
REQ-1871C245,EV-034,EMP-034,2024-03-15T15:06:00,2024-03-15T17:01:13.470233,40,0.61,50.7,22,AC,emergency,tight_departure,2024-03-15T13:14:27.053699,Nissan Leaf
REQ-12F9F562,EV-015,EMP-015,2024-03-15T14:20:00,2024-03-15T19:16:15.999848,77,0.54,296.3,50,DC,standard,tight_departure,2024-03-15T12:07:13.319735,Kia EV6
REQ-D2EB6BE9,EV-054,EMP-054,2024-03-15T10:50:00,2024-03-15T12:36:35.697020,52,0.19,46.9,22,AC,priority,tight_departure,2024-03-15T04:54:51.507078,Renault Zoe
REQ-8080A37D,EV-049,EMP-049,2024-03-15T13:05:00,2024-03-15T19:50:35.013902,82,0.18,405.6,50,DC,standard,tight_departure,2024-03-15T12:00:31.738908,Tesla Model Y
REQ-F4A88F81,EV-027,EMP-027,2024-03-11T08:45:00,2024-03-11T15:46:05.541199,42,0.14,35.1,22,AC,standard,battery_low,2024-03-10T22:02:17.714693,BMW i3
REQ-5FF669F5,EV-016,EMP-016,2024-03-11T07:43:00,2024-03-11T13:51:36.603161,75,0.34,29.1,50,DC,standard,battery_low,2024-03-11T06:26:45.955154,Tesla Model 3
REQ-0A32BDA0,EV-055,EMP-055,2024-03-11T11:24:00,2024-03-11T20:15:33.793801,77,0.26,31.7,50,DC,standard,battery_low,2024-03-11T00:05:59.275596,Kia EV6
REQ-79A6FF17,EV-027,EMP-027,2024-03-11T10:55:00,2024-03-11T13:59:24.437341,42,0.58,10.8,22,AC,standard,battery_low,2024-03-11T07:20:31.384913,BMW i3
REQ-BDCB1571,EV-063,EMP-063,2024-03-11T11:33:00,2024-03-11T13:31:30.967862,77,0.32,38.9,50,DC,standard,battery_low,2024-03-11T09:38:19.829422,Kia EV6
REQ-33E19D26,EV-027,EMP-027,2024-03-11T12:21:00,2024-03-11T17:50:47.097562,42,0.29,24.2,22,AC,standard,battery_low,2024-03-11T00:58:41.875656,BMW i3
REQ-0F3BE2B9,EV-008,EMP-008,2024-03-11T14:52:00,2024-03-11T16:51:31.944963,75,0.68,17.5,50,DC,standard,battery_low,2024-03-11T04:02:25.041401,Tesla Model 3
REQ-55A67398,EV-060,EMP-060,2024-03-11T08:54:00,2024-03-11T11:13:12.852856,77,0.28,47.0,50,DC,standard,battery_low,2024-03-10T22:20:15.284023,Hyundai Ioniq 5
REQ-F8A6906C,EV-070,EMP-070,2024-03-11T10:15:00,2024-03-11T13:56:55.574932,52,0.73,10.8,22,AC,standard,battery_low,2024-03-11T05:45:46.609783,Renault Zoe
REQ-FEEA206E,EV-031,EMP-031,2024-03-11T10:17:00,2024-03-11T13:58:10.953523,77,0.14,62.0,50,DC,priority,battery_low,2024-03-10T22:53:15.623324,Kia EV6
REQ-9F8641ED,EV-018,EMP-018,2024-03-11T11:49:00,2024-03-11T15:53:15.396923,40,0.52,12.7,22,AC,standard,battery_low,2024-03-11T03:18:09.847758,Nissan Leaf
REQ-CD1D910F,EV-038,EMP-038,2024-03-11T13:53:00,2024-03-11T17:39:50.223133,52,0.19,37.7,22,AC,standard,battery_low,2024-03-11T10:23:35.691254,Renault Zoe
REQ-0389D480,EV-039,EMP-039,2024-03-11T10:56:00,2024-03-11T18:12:23.242902,77,0.13,45.3,50,DC,priority,battery_low,2024-03-11T08:31:12.568797,Kia EV6
REQ-7497B34C,EV-072,EMP-072,2024-03-11T17:08:00,2024-03-11T20:46:21.657719,75,0.73,18.6,50,DC,priority,battery_low,2024-03-11T08:58:12.863008,Tesla Model 3
REQ-C920BCB0,EV-012,EMP-012,2024-03-11T07:28:00,2024-03-11T09:16:31.089325,77,0.31,29.9,50,DC,standard,battery_low,2024-03-11T04:50:41.841460,Hyundai Ioniq 5
REQ-9928092B,EV-075,EMP-075,2024-03-11T09:04:00,2024-03-11T12:56:37.481642,42,0.32,19.6,22,AC,standard,battery_low,2024-03-11T06:41:48.459026,BMW i3
REQ-3ADC7A72,EV-037,EMP-037,2024-03-11T08:50:00,2024-03-11T13:22:03.182943,77,0.42,25.6,50,DC,priority,battery_low,2024-03-11T04:39:02.977659,VW ID.4
REQ-B9BDF1B6,EV-031,EMP-031,2024-03-11T08:28:00,2024-03-11T17:17:01.227976,77,0.32,44.6,50,DC,priority,battery_low,2024-03-11T04:38:01.154638,Kia EV6
REQ-C4E7D1F3,EV-011,EMP-011,2024-03-11T17:56:00,2024-03-11T21:00:00,42,0.2,26.3,22,AC,standard,battery_low,2024-03-11T12:20:56.830883,BMW i3
REQ-869E10EA,EV-058,EMP-058,2024-03-11T12:27:00,2024-03-11T20:42:04.710664,40,0.19,25.1,22,AC,standard,battery_low,2024-03-11T07:19:52.521232,Nissan Leaf
REQ-812A53F5,EV-051,EMP-051,2024-03-11T13:53:00,2024-03-11T16:04:36.990545,42,0.14,29.6,22,AC,standard,battery_low,2024-03-11T10:49:43.244318,BMW i3
REQ-F1C3405A,EV-079,EMP-079,2024-03-11T15:50:00,2024-03-11T17:30:08.813452,77,0.45,30.6,50,DC,standard,battery_low,2024-03-11T14:19:42.594804,Kia EV6
REQ-2F7046C7,EV-017,EMP-017,2024-03-11T09:23:00,2024-03-11T13:15:59.460928,82,0.49,40.6,50,DC,standard,battery_low,2024-03-11T04:43:51.914417,Tesla Model Y
REQ-E230E462,EV-011,EMP-011,2024-03-11T08:42:00,2024-03-11T12:58:20.009112,42,0.34,17.8,22,AC,standard,battery_low,2024-03-10T20:57:30.521792,BMW i3
REQ-23886995,EV-056,EMP-056,2024-03-11T13:10:00,2024-03-11T20:07:32.040638,75,0.39,45.6,50,DC,standard,battery_low,2024-03-11T09:20:50.551641,Tesla Model 3
REQ-ED856129,EV-005,EMP-005,2024-03-11T14:56:00,2024-03-11T19:36:43.469358,77,0.68,14.0,50,DC,standard,battery_low,2024-03-11T13:26:36.371863,VW ID.4
REQ-D00E7670,EV-011,EMP-011,2024-03-11T07:56:00,2024-03-11T15:56:23.197137,42,0.74,5.8,22,AC,standard,battery_low,2024-03-10T22:44:16.878183,BMW i3
REQ-6B832AC8,EV-069,EMP-069,2024-03-11T07:49:00,2024-03-11T16:10:29.083400,77,0.37,37.7,50,DC,standard,battery_low,2024-03-10T22:37:52.908841,VW ID.4
REQ-267BEA30,EV-037,EMP-037,2024-03-11T07:22:00,2024-03-11T11:43:47.777381,77,0.46,21.7,50,DC,priority,battery_low,2024-03-10T21:16:08.172653,VW ID.4
REQ-2AA934ED,EV-014,EMP-014,2024-03-11T08:07:00,2024-03-11T13:05:33.199524,52,0.12,22.9,22,AC,standard,battery_low,2024-03-10T20:37:20.498920,Renault Zoe
REQ-FD407166,EV-028,EMP-028,2024-03-11T13:56:00,2024-03-11T20:20:12.950249,77,0.68,17.5,50,DC,standard,battery_low,2024-03-11T05:31:23.292100,Hyundai Ioniq 5
REQ-1790E1A9,EV-071,EMP-071,2024-03-11T07:14:00,2024-03-11T10:48:44.859923,77,0.75,10.3,50,DC,standard,battery_low,2024-03-11T00:03:03.877118,Kia EV6
REQ-90788ADD,EV-049,EMP-049,2024-03-11T10:44:00,2024-03-11T16:56:35.893282,82,0.41,41.0,50,DC,standard,battery_low,2024-03-11T04:20:21.429007,Tesla Model Y
REQ-DC20BB0E,EV-064,EMP-064,2024-03-11T10:41:00,2024-03-11T13:24:16.875282,75,0.14,42.6,50,DC,standard,battery_low,2024-03-11T08:37:30.407893,Tesla Model 3
REQ-82D5E43D,EV-052,EMP-052,2024-03-11T07:32:00,2024-03-11T12:10:46.878139,77,0.69,16.2,50,DC,standard,battery_low,2024-03-11T00:56:34.049542,Hyundai Ioniq 5
REQ-7053CBD5,EV-049,EMP-049,2024-03-11T16:32:00,2024-03-11T21:00:00,82,0.22,35.0,50,DC,standard,battery_low,2024-03-11T09:46:50.309321,Tesla Model Y
REQ-EF862EEF,EV-014,EMP-014,2024-03-11T14:39:00,2024-03-11T21:00:00,52,0.3,30.7,22,AC,standard,battery_low,2024-03-11T13:02:52.496833,Renault Zoe
REQ-24EF31C1,EV-078,EMP-078,2024-03-11T10:38:00,2024-03-11T12:13:48.236924,52,0.44,20.0,22,AC,standard,battery_low,2024-03-11T06:13:11.038021,Renault Zoe
REQ-D8BF9CA1,EV-069,EMP-069,2024-03-11T13:12:00,2024-03-11T15:51:32.982697,77,0.24,34.8,50,DC,standard,battery_low,2024-03-11T05:38:44.065921,VW ID.4
REQ-C2F726BD,EV-007,EMP-007,2024-03-11T14:03:00,2024-03-11T19:32:26.582649,77,0.46,36.5,50,DC,priority,battery_low,2024-03-11T08:15:15.657754,Kia EV6
REQ-33A0A57A,EV-069,EMP-069,2024-03-11T08:38:00,2024-03-11T17:03:32.063322,77,0.41,29.8,50,DC,standard,battery_low,2024-03-10T22:44:14.597684,VW ID.4
REQ-7AF565E7,EV-040,EMP-040,2024-03-11T14:11:00,2024-03-11T21:00:00,75,0.32,409.0,50,DC,standard,battery_low,2024-03-11T04:18:56.631912,Tesla Model 3
REQ-0E9CDA85,EV-080,EMP-080,2024-03-11T08:42:00,2024-03-11T11:16:03.702082,75,0.25,31.7,50,DC,standard,battery_low,2024-03-11T07:17:45.754568,Tesla Model 3
REQ-7ED3EA47,EV-048,EMP-048,2024-03-11T12:34:00,2024-03-11T14:38:58.853033,75,0.6,125.0,50,DC,standard,battery_low,2024-03-11T10:49:36.360391,Tesla Model 3
REQ-EC08411E,EV-067,EMP-067,2024-03-11T12:01:00,2024-03-11T13:57:40.161401,42,0.18,21.6,22,AC,standard,battery_low,2024-03-11T03:50:21.922066,BMW i3
REQ-AEF7CCA0,EV-023,EMP-023,2024-03-11T12:33:00,2024-03-11T20:57:02.647912,77,0.23,56.4,50,DC,standard,battery_low,2024-03-11T08:00:26.506208,Kia EV6
REQ-F25C0525,EV-059,EMP-059,2024-03-11T08:41:00,2024-03-11T17:14:49.814447,42,0.72,7.9,22,AC,standard,battery_low,2024-03-11T02:25:33.735206,BMW i3
REQ-A239E364,EV-059,EMP-059,2024-03-11T11:29:00,2024-03-11T17:15:36.354644,42,0.16,152.5,22,AC,standard,battery_low,2024-03-11T08:29:16.279661,BMW i3
REQ-57E4A917,EV-020,EMP-020,2024-03-11T07:33:00,2024-03-11T15:48:44.827871,77,0.45,41.8,50,DC,standard,battery_low,2024-03-11T04:35:19.763003,Hyundai Ioniq 5
REQ-CBF70E78,EV-027,EMP-027,2024-03-11T10:24:00,2024-03-11T14:38:54.501692,42,0.48,15.7,22,AC,standard,battery_low,2024-03-11T07:49:12.870542,BMW i3
REQ-6982D10C,EV-047,EMP-047,2024-03-11T09:45:00,2024-03-11T12:51:25.398013,77,0.25,32.1,50,DC,standard,battery_low,2024-03-11T07:49:42.322338,Kia EV6
REQ-32FFE59A,EV-072,EMP-072,2024-03-11T07:16:00,2024-03-11T14:29:01.389343,75,0.56,433.0,50,DC,priority,battery_low,2024-03-11T02:59:36.022137,Tesla Model 3
REQ-8561FB39,EV-048,EMP-048,2024-03-11T07:34:00,2024-03-11T13:34:10.516728,75,0.3,51.9,50,DC,standard,battery_low,2024-03-11T00:41:47.882108,Tesla Model 3
REQ-5F82CB4B,EV-012,EMP-012,2024-03-11T08:42:00,2024-03-11T11:36:57.194613,77,0.15,60.2,50,DC,standard,battery_low,2024-03-11T00:23:23.972117,Hyundai Ioniq 5
REQ-45999515,EV-046,EMP-046,2024-03-11T08:59:00,2024-03-11T14:10:14.506086,52,0.17,31.0,22,AC,standard,battery_low,2024-03-11T07:30:20.755322,Renault Zoe
REQ-EC292047,EV-001,EMP-001,2024-03-11T07:48:00,2024-03-11T13:43:45.045273,82,0.17,65.5,50,DC,standard,battery_low,2024-03-11T06:33:20.988978,Tesla Model Y
REQ-243AFADB,EV-079,EMP-079,2024-03-11T16:00:00,2024-03-11T21:00:00,77,0.74,11.2,50,DC,standard,battery_low,2024-03-11T07:09:36.699286,Kia EV6
REQ-5C1BA9FB,EV-004,EMP-004,2024-03-11T08:25:00,2024-03-11T14:16:51.802848,77,0.28,49.6,50,DC,standard,battery_low,2024-03-11T03:18:50.249103,Hyundai Ioniq 5
REQ-5F502040,EV-038,EMP-038,2024-03-11T10:12:00,2024-03-11T14:43:59.977178,52,0.41,19.6,22,AC,standard,battery_low,2024-03-11T08:27:27.281944,Renault Zoe
REQ-DFEF4E3D,EV-062,EMP-062,2024-03-11T07:59:00,2024-03-11T14:11:46.017801,52,0.19,23.2,22,AC,standard,battery_low,2024-03-11T06:41:55.332931,Renault Zoe
REQ-615D318B,EV-003,EMP-003,2024-03-11T12:56:00,2024-03-11T17:18:11.090535,42,0.54,11.1,22,AC,standard,battery_low,2024-03-11T11:19:31.787776,BMW i3
REQ-4B937047,EV-043,EMP-043,2024-03-11T08:30:00,2024-03-11T15:45:24.446932,42,0.62,9.6,22,AC,standard,battery_low,2024-03-11T02:21:43.635085,BMW i3
REQ-1EFDEFAF,EV-039,EMP-039,2024-03-11T07:41:00,2024-03-11T15:37:51.152424,77,0.46,476.9,50,DC,priority,battery_low,2024-03-11T02:14:01.174807,Kia EV6
REQ-59069322,EV-064,EMP-064,2024-03-11T13:46:00,2024-03-11T17:37:33.098341,75,0.34,231.6,50,DC,standard,battery_low,2024-03-11T06:51:54.004810,Tesla Model 3
REQ-BFFB8F3A,EV-066,EMP-066,2024-03-11T13:36:00,2024-03-11T20:23:43.598502,40,0.42,13.2,22,AC,standard,battery_low,2024-03-11T07:29:39.366035,Nissan Leaf
REQ-D893A315,EV-037,EMP-037,2024-03-11T08:21:00,2024-03-11T14:48:02.121910,77,0.55,27.2,50,DC,priority,battery_low,2024-03-10T22:01:29.849161,VW ID.4
REQ-5FAFE8B4,EV-020,EMP-020,2024-03-11T09:46:00,2024-03-11T14:58:36.660522,77,0.73,16.8,50,DC,standard,battery_low,2024-03-10T22:01:19.786099,Hyundai Ioniq 5
REQ-3C92E358,EV-045,EMP-045,2024-03-11T07:03:00,2024-03-11T08:53:18.198206,77,0.64,18.7,50,DC,standard,battery_low,2024-03-11T06:14:26.346514,VW ID.4
REQ-8C65A6AA,EV-001,EMP-001,2024-03-11T13:40:00,2024-03-11T15:53:48.451329,82,0.32,37.8,50,DC,standard,battery_low,2024-03-11T05:33:44.663759,Tesla Model Y
REQ-343A593A,EV-059,EMP-059,2024-03-11T08:17:00,2024-03-11T14:13:38.355003,42,0.69,6.9,22,AC,standard,battery_low,2024-03-11T03:54:03.597757,BMW i3
REQ-A3628E4E,EV-076,EMP-076,2024-03-11T07:39:00,2024-03-11T12:36:24.553433,77,0.66,20.5,50,DC,standard,battery_low,2024-03-11T04:05:01.978151,Hyundai Ioniq 5
REQ-425DF072,EV-011,EMP-011,2024-03-11T12:10:00,2024-03-11T21:00:00,42,0.35,19.0,22,AC,standard,battery_low,2024-03-11T02:22:15.280070,BMW i3
REQ-8AF14B25,EV-024,EMP-024,2024-03-11T08:21:00,2024-03-11T12:22:11.121487,75,0.43,37.7,50,DC,standard,battery_low,2024-03-11T00:46:46.126035,Tesla Model 3
REQ-1E6712CD,EV-052,EMP-052,2024-03-11T09:52:00,2024-03-11T15:05:37.696209,77,0.65,24.1,50,DC,standard,battery_low,2024-03-11T03:12:16.471429,Hyundai Ioniq 5
REQ-C6F43E2C,EV-008,EMP-008,2024-03-11T07:05:00,2024-03-11T16:03:18.147721,75,0.36,29.4,50,DC,standard,battery_low,2024-03-11T05:31:32.945621,Tesla Model 3
REQ-478F0046,EV-039,EMP-039,2024-03-11T13:11:00,2024-03-11T17:12:34.627651,77,0.14,59.6,50,DC,priority,battery_low,2024-03-11T10:16:16.798832,Kia EV6
REQ-A2D0E84C,EV-025,EMP-025,2024-03-11T12:18:00,2024-03-11T16:03:49.869394,82,0.62,22.3,50,DC,emergency,battery_low,2024-03-11T09:29:56.812802,Tesla Model Y
REQ-5E78AD91,EV-057,EMP-057,2024-03-11T10:14:00,2024-03-11T15:07:57.172344,82,0.6,294.0,50,DC,standard,battery_low,2024-03-11T01:38:42.069868,Tesla Model Y
REQ-DD8F603B,EV-069,EMP-069,2024-03-11T14:09:00,2024-03-11T17:14:49.725735,77,0.73,18.1,50,DC,standard,battery_low,2024-03-11T02:52:21.454881,VW ID.4
REQ-2C400963,EV-060,EMP-060,2024-03-11T10:13:00,2024-03-11T17:29:06.217459,77,0.38,37.4,50,DC,standard,battery_low,2024-03-11T03:42:38.039151,Hyundai Ioniq 5
REQ-3B1B8DDD,EV-002,EMP-002,2024-03-11T09:17:00,2024-03-11T11:54:42.761658,40,0.55,11.7,22,AC,standard,battery_low,2024-03-11T05:07:07.758342,Nissan Leaf
REQ-AEE06240,EV-037,EMP-037,2024-03-11T13:07:00,2024-03-11T16:08:36.067120,77,0.37,44.2,50,DC,priority,battery_low,2024-03-11T09:40:03.109316,VW ID.4
REQ-0DAC5D6F,EV-062,EMP-062,2024-03-11T11:48:00,2024-03-11T14:09:06.081569,52,0.22,25.3,22,AC,standard,battery_low,2024-03-11T05:57:43.788382,Renault Zoe
REQ-C4955E2F,EV-070,EMP-070,2024-03-11T09:52:00,2024-03-11T16:13:06.895382,52,0.12,26.5,22,AC,standard,battery_low,2024-03-11T06:23:42.370515,Renault Zoe
REQ-E168E4B8,EV-033,EMP-033,2024-03-11T14:19:00,2024-03-11T17:08:11.600991,82,0.65,28.2,50,DC,standard,battery_low,2024-03-11T13:35:15.778101,Tesla Model Y
REQ-13CE2E30,EV-064,EMP-064,2024-03-11T13:10:00,2024-03-11T19:10:43.192986,75,0.66,24.2,50,DC,standard,battery_low,2024-03-11T08:29:13.822248,Tesla Model 3
REQ-6CCFC67D,EV-030,EMP-030,2024-03-11T11:10:00,2024-03-11T19:44:25.377835,52,0.57,12.8,22,AC,standard,battery_low,2024-03-11T02:13:12.511146,Renault Zoe
REQ-88DFF11F,EV-038,EMP-038,2024-03-11T16:33:00,2024-03-11T21:00:00,52,0.72,14.1,22,AC,standard,battery_low,2024-03-11T05:52:39.014700,Renault Zoe
REQ-34A37619,EV-051,EMP-051,2024-03-11T07:14:00,2024-03-11T14:47:00.555632,42,0.31,23.0,22,AC,standard,battery_low,2024-03-10T22:07:37.306909,BMW i3
REQ-D0DE21E7,EV-069,EMP-069,2024-03-11T07:50:00,2024-03-11T10:24:55.503535,77,0.21,59.9,50,DC,standard,battery_low,2024-03-11T04:24:31.734892,VW ID.4
REQ-1BD881BC,EV-006,EMP-006,2024-03-11T09:58:00,2024-03-11T14:16:37.034583,52,0.72,9.6,22,AC,standard,battery_low,2024-03-11T01:36:54.628272,Renault Zoe
REQ-3E0248AB,EV-072,EMP-072,2024-03-11T17:38:00,2024-03-11T21:00:00,75,0.34,42.5,50,DC,priority,battery_low,2024-03-11T16:53:27.527688,Tesla Model 3
REQ-31C96EEF,EV-027,EMP-027,2024-03-11T16:49:00,2024-03-11T21:00:00,42,0.53,19.2,22,AC,standard,battery_low,2024-03-11T07:14:43.567777,BMW i3
REQ-17E0C96A,EV-003,EMP-003,2024-03-11T08:06:00,2024-03-11T11:55:10.249546,42,0.72,8.0,22,AC,standard,battery_low,2024-03-11T06:11:46.973974,BMW i3
REQ-5FF8EC93,EV-035,EMP-035,2024-03-11T14:42:00,2024-03-11T19:06:48.717401,42,0.69,9.1,22,AC,standard,battery_low,2024-03-11T11:15:40.905233,BMW i3
REQ-531A75AB,EV-022,EMP-022,2024-03-11T08:38:00,2024-03-11T11:53:57.432284,52,0.24,37.4,22,AC,standard,battery_low,2024-03-11T00:52:21.998110,Renault Zoe
REQ-483BDD42,EV-076,EMP-076,2024-03-11T14:32:00,2024-03-11T19:04:49.798031,77,0.12,63.2,50,DC,standard,battery_low,2024-03-11T03:13:03.489604,Hyundai Ioniq 5
REQ-C6853A06,EV-044,EMP-044,2024-03-11T09:49:00,2024-03-11T17:37:31.413592,77,0.57,31.1,50,DC,standard,battery_low,2024-03-10T23:50:09.804159,Hyundai Ioniq 5
REQ-5CAD749E,EV-064,EMP-064,2024-03-11T12:00:00,2024-03-11T16:08:20.121358,75,0.49,34.7,50,DC,standard,battery_low,2024-03-11T06:17:14.963420,Tesla Model 3
REQ-3259B7EF,EV-064,EMP-064,2024-03-11T07:06:00,2024-03-11T13:24:42.997808,75,0.51,32.9,50,DC,standard,battery_low,2024-03-11T01:59:32.599411,Tesla Model 3
REQ-4399883C,EV-047,EMP-047,2024-03-12T13:19:00,2024-03-12T20:39:46.298719,77,0.29,47.9,50,DC,standard,charger_failure,2024-03-12T11:25:47.077858,Kia EV6
REQ-BAC07284,EV-021,EMP-021,2024-03-12T09:51:00,2024-03-12T17:23:51.536290,77,0.3,45.4,50,DC,priority,charger_failure,2024-03-12T01:41:47.459737,VW ID.4
REQ-D78C9DD4,EV-041,EMP-041,2024-03-12T14:01:00,2024-03-12T19:11:19.821967,82,0.68,19.4,50,DC,standard,charger_failure,2024-03-12T08:39:04.877970,Tesla Model Y
REQ-DC294260,EV-075,EMP-075,2024-03-12T12:37:00,2024-03-12T18:43:14.430153,42,0.38,161.1,22,AC,standard,charger_failure,2024-03-12T08:11:11.763318,BMW i3
REQ-3DB2FBD3,EV-071,EMP-071,2024-03-12T09:26:00,2024-03-12T16:04:48.386468,77,0.2,46.1,50,DC,standard,charger_failure,2024-03-12T02:53:58.339748,Kia EV6
REQ-6640EC87,EV-011,EMP-011,2024-03-12T07:52:00,2024-03-12T16:10:14.608198,42,0.41,14.2,22,AC,standard,charger_failure,2024-03-11T20:58:59.790187,BMW i3
REQ-DD468C83,EV-026,EMP-026,2024-03-12T14:02:00,2024-03-12T17:44:58.004115,40,0.13,98.1,22,AC,standard,charger_failure,2024-03-12T12:17:44.028102,Nissan Leaf
REQ-0288A39B,EV-043,EMP-043,2024-03-12T09:11:00,2024-03-12T15:38:23.091856,42,0.47,14.0,22,AC,standard,charger_failure,2024-03-12T07:44:34.740152,BMW i3
REQ-83729C11,EV-012,EMP-012,2024-03-12T09:13:00,2024-03-12T15:40:42.614732,77,0.22,35.5,50,DC,standard,charger_failure,2024-03-12T07:45:31.770603,Hyundai Ioniq 5
REQ-934910A5,EV-010,EMP-010,2024-03-12T13:35:00,2024-03-12T19:29:14.626481,40,0.4,20.0,22,AC,standard,charger_failure,2024-03-12T10:02:05.920265,Nissan Leaf
REQ-F2D018E5,EV-004,EMP-004,2024-03-12T17:36:00,2024-03-12T20:30:14.176813,77,0.22,52.5,50,DC,standard,charger_failure,2024-03-12T07:04:35.106093,Hyundai Ioniq 5
REQ-7649861C,EV-011,EMP-011,2024-03-12T08:04:00,2024-03-12T09:36:37.870879,42,0.18,20.2,22,AC,standard,charger_failure,2024-03-11T23:36:39.222079,BMW i3
REQ-F97B8B9F,EV-070,EMP-070,2024-03-12T14:55:00,2024-03-12T20:55:50.960883,52,0.42,24.4,22,AC,standard,charger_failure,2024-03-12T10:16:05.828380,Renault Zoe
REQ-BA23E6EB,EV-067,EMP-067,2024-03-12T12:22:00,2024-03-12T16:49:44.925417,42,0.3,117.8,22,AC,standard,charger_failure,2024-03-12T10:34:46.822398,BMW i3
REQ-4FC628C5,EV-060,EMP-060,2024-03-12T08:56:00,2024-03-12T16:52:33.324817,77,0.24,48.2,50,DC,standard,charger_failure,2024-03-12T03:25:18.357185,Hyundai Ioniq 5
REQ-5D2C6BC5,EV-075,EMP-075,2024-03-12T12:34:00,2024-03-12T15:29:54.690223,42,0.3,21.5,22,AC,standard,charger_failure,2024-03-12T11:48:56.783312,BMW i3
REQ-C876DC69,EV-023,EMP-023,2024-03-12T07:18:00,2024-03-12T14:04:10.148854,77,0.73,15.3,50,DC,standard,charger_failure,2024-03-12T00:04:11.632448,Kia EV6
REQ-1FF3F0E9,EV-071,EMP-071,2024-03-12T08:08:00,2024-03-12T15:53:13.640386,77,0.13,33.8,50,DC,standard,charger_failure,2024-03-11T23:25:57.957475,Kia EV6
REQ-D36ECF17,EV-050,EMP-050,2024-03-12T17:32:00,2024-03-12T21:00:00,40,0.49,15.9,22,AC,standard,charger_failure,2024-03-12T11:25:37.644357,Nissan Leaf
REQ-0102CAEF,EV-061,EMP-061,2024-03-12T10:10:00,2024-03-12T16:15:10.372916,77,0.54,32.2,50,DC,emergency,charger_failure,2024-03-12T01:27:08.380389,VW ID.4
REQ-7CD90EEB,EV-022,EMP-022,2024-03-12T09:50:00,2024-03-12T13:42:07.954056,52,0.14,42.3,22,AC,standard,charger_failure,2024-03-12T03:53:23.807978,Renault Zoe
REQ-931E4B58,EV-026,EMP-026,2024-03-12T10:52:00,2024-03-12T14:58:02.631061,40,0.55,9.2,22,AC,standard,charger_failure,2024-03-12T08:09:22.866283,Nissan Leaf
REQ-5EB223FB,EV-072,EMP-072,2024-03-12T07:27:00,2024-03-12T10:35:51.963316,75,0.69,15.6,50,DC,priority,charger_failure,2024-03-11T21:15:41.860629,Tesla Model 3
REQ-E182558B,EV-026,EMP-026,2024-03-12T11:15:00,2024-03-12T14:57:01.639133,40,0.56,17.2,22,AC,standard,charger_failure,2024-03-12T03:00:33.358043,Nissan Leaf
REQ-E77824EF,EV-080,EMP-080,2024-03-12T12:35:00,2024-03-12T20:04:53.386592,75,0.65,21.3,50,DC,standard,charger_failure,2024-03-12T03:28:00.871904,Tesla Model 3
REQ-114C2819,EV-062,EMP-062,2024-03-12T11:15:00,2024-03-12T14:14:46.074016,52,0.49,14.6,22,AC,standard,charger_failure,2024-03-11T23:19:18.036455,Renault Zoe
REQ-67EEABD9,EV-013,EMP-013,2024-03-12T07:25:00,2024-03-12T09:16:10.332076,77,0.11,64.4,50,DC,standard,charger_failure,2024-03-12T05:05:33.733745,VW ID.4
REQ-0F6EB39E,EV-069,EMP-069,2024-03-12T14:47:00,2024-03-12T16:31:23.190210,77,0.14,47.4,50,DC,standard,charger_failure,2024-03-12T12:53:43.515441,VW ID.4
REQ-8E7A3541,EV-053,EMP-053,2024-03-12T07:30:00,2024-03-12T11:33:08.753778,77,0.33,27.0,50,DC,standard,charger_failure,2024-03-12T03:55:25.862848,VW ID.4
REQ-0CF97544,EV-064,EMP-064,2024-03-12T08:22:00,2024-03-12T13:43:55.460954,75,0.54,29.4,50,DC,standard,charger_failure,2024-03-12T02:49:53.974352,Tesla Model 3
REQ-7A33BA64,EV-005,EMP-005,2024-03-12T10:40:00,2024-03-12T12:59:55.132814,77,0.17,51.5,50,DC,standard,charger_failure,2024-03-11T23:16:18.323351,VW ID.4
REQ-DAE3CFA5,EV-012,EMP-012,2024-03-12T13:05:00,2024-03-12T15:22:26.099261,77,0.51,35.3,50,DC,standard,charger_failure,2024-03-12T10:46:38.852539,Hyundai Ioniq 5
REQ-B5974B72,EV-019,EMP-019,2024-03-12T07:52:00,2024-03-12T13:09:39.208651,42,0.58,9.7,22,AC,priority,charger_failure,2024-03-12T03:31:07.248452,BMW i3
REQ-2F40FEB1,EV-003,EMP-003,2024-03-12T08:41:00,2024-03-12T13:28:35.928445,42,0.37,23.4,22,AC,standard,charger_failure,2024-03-11T22:52:41.388070,BMW i3
REQ-A76B1F05,EV-021,EMP-021,2024-03-12T08:00:00,2024-03-12T10:08:21.314266,77,0.34,44.6,50,DC,priority,charger_failure,2024-03-11T23:51:09.196447,VW ID.4
REQ-FD49328C,EV-057,EMP-057,2024-03-12T08:30:00,2024-03-12T13:09:46.499653,82,0.25,55.4,50,DC,standard,charger_failure,2024-03-12T03:17:34.594177,Tesla Model Y
REQ-5ACBBC51,EV-035,EMP-035,2024-03-12T10:42:00,2024-03-12T18:09:34.398352,42,0.34,14.3,22,AC,standard,charger_failure,2024-03-12T10:05:08.123263,BMW i3
REQ-B54A7828,EV-080,EMP-080,2024-03-12T14:53:00,2024-03-12T17:01:09.011792,75,0.3,52.0,50,DC,standard,charger_failure,2024-03-12T13:40:35.211201,Tesla Model 3
REQ-67B9675D,EV-075,EMP-075,2024-03-12T12:19:00,2024-03-12T18:37:39.575370,42,0.69,6.9,22,AC,standard,charger_failure,2024-03-12T03:36:46.501995,BMW i3
REQ-801A5FC1,EV-004,EMP-004,2024-03-12T12:02:00,2024-03-12T15:45:04.559471,77,0.36,41.4,50,DC,standard,charger_failure,2024-03-12T08:02:01.026849,Hyundai Ioniq 5
REQ-20167BDF,EV-029,EMP-029,2024-03-12T12:49:00,2024-03-12T14:22:33.360305,77,0.28,42.4,50,DC,priority,charger_failure,2024-03-12T04:15:47.784355,VW ID.4
REQ-8706D94C,EV-057,EMP-057,2024-03-12T09:24:00,2024-03-12T14:58:59.482857,82,0.61,26.4,50,DC,standard,charger_failure,2024-03-11T22:41:30.259285,Tesla Model Y
REQ-86D446A0,EV-039,EMP-039,2024-03-12T11:48:00,2024-03-12T14:46:46.985365,77,0.3,27.9,50,DC,priority,charger_failure,2024-03-12T02:57:40.914551,Kia EV6
REQ-868EB062,EV-040,EMP-040,2024-03-12T11:15:00,2024-03-12T20:11:21.947178,75,0.28,29.5,50,DC,standard,charger_failure,2024-03-12T04:45:16.695184,Tesla Model 3
REQ-1EBF396B,EV-068,EMP-068,2024-03-12T11:19:00,2024-03-12T13:01:33.063083,77,0.62,23.3,50,DC,standard,charger_failure,2024-03-12T01:54:49.867612,Hyundai Ioniq 5
REQ-672A7CE9,EV-070,EMP-070,2024-03-12T12:58:00,2024-03-12T15:17:41.931469,52,0.14,30.7,22,AC,standard,charger_failure,2024-03-12T08:23:24.803480,Renault Zoe
REQ-1C1A070C,EV-010,EMP-010,2024-03-12T08:18:00,2024-03-12T10:44:08.244746,40,0.29,24.7,22,AC,standard,charger_failure,2024-03-11T20:29:45.846712,Nissan Leaf
REQ-0C3F6528,EV-008,EMP-008,2024-03-12T14:58:00,2024-03-12T20:42:31.125118,75,0.68,19.5,50,DC,standard,charger_failure,2024-03-12T07:37:04.274935,Tesla Model 3
REQ-C7B2A7BE,EV-070,EMP-070,2024-03-12T09:34:00,2024-03-12T16:57:09.310096,52,0.56,19.1,22,AC,standard,charger_failure,2024-03-12T03:05:25.800796,Renault Zoe
REQ-0BE7F339,EV-015,EMP-015,2024-03-12T07:39:00,2024-03-12T13:31:03.964238,77,0.63,19.4,50,DC,standard,charger_failure,2024-03-11T22:57:58.086581,Kia EV6
REQ-2D0C7F29,EV-014,EMP-014,2024-03-12T13:09:00,2024-03-12T15:06:59.229159,52,0.68,12.3,22,AC,standard,charger_failure,2024-03-12T08:24:11.219445,Renault Zoe
REQ-51BAE0FD,EV-041,EMP-041,2024-03-12T10:10:00,2024-03-12T15:33:31.514984,82,0.36,33.2,50,DC,standard,charger_failure,2024-03-12T04:47:50.321127,Tesla Model Y
REQ-EC721585,EV-022,EMP-022,2024-03-12T10:51:00,2024-03-12T16:01:17.608800,52,0.73,12.8,22,AC,standard,charger_failure,2024-03-12T08:53:17.067316,Renault Zoe
REQ-0243D228,EV-072,EMP-072,2024-03-12T11:15:00,2024-03-12T18:02:02.166489,75,0.66,14.3,50,DC,priority,charger_failure,2024-03-12T05:18:23.079744,Tesla Model 3
REQ-8C1B3893,EV-047,EMP-047,2024-03-12T12:53:00,2024-03-12T17:09:11.965610,77,0.72,17.3,50,DC,standard,charger_failure,2024-03-12T10:59:36.129877,Kia EV6
REQ-4D273939,EV-047,EMP-047,2024-03-12T09:04:00,2024-03-12T11:42:59.221789,77,0.34,50.6,50,DC,standard,charger_failure,2024-03-12T02:58:42.682622,Kia EV6
REQ-857B9DCE,EV-078,EMP-078,2024-03-12T11:17:00,2024-03-12T17:12:19.854592,52,0.13,42.8,22,AC,standard,charger_failure,2024-03-12T08:18:14.927734,Renault Zoe
REQ-E3914E00,EV-043,EMP-043,2024-03-12T13:58:00,2024-03-12T16:23:02.853449,42,0.33,26.3,22,AC,standard,charger_failure,2024-03-12T06:52:35.353600,BMW i3
REQ-94F895FF,EV-046,EMP-046,2024-03-12T10:48:00,2024-03-12T18:09:36.432419,52,0.41,26.4,22,AC,standard,charger_failure,2024-03-12T01:32:15.219016,Renault Zoe
REQ-FEB97E9B,EV-034,EMP-034,2024-03-12T09:55:00,2024-03-12T14:47:28.093566,40,0.39,22.8,22,AC,emergency,charger_failure,2024-03-12T00:13:07.798883,Nissan Leaf
REQ-7FB96078,EV-007,EMP-007,2024-03-12T11:49:00,2024-03-12T15:03:46.201651,77,0.36,38.0,50,DC,priority,charger_failure,2024-03-12T01:04:52.212964,Kia EV6
REQ-811E2249,EV-062,EMP-062,2024-03-12T12:17:00,2024-03-12T20:16:40.746480,52,0.56,18.0,22,AC,standard,charger_failure,2024-03-12T03:38:53.687649,Renault Zoe
REQ-05426906,EV-055,EMP-055,2024-03-12T09:14:00,2024-03-12T14:55:42.526227,77,0.23,48.0,50,DC,standard,charger_failure,2024-03-12T08:07:31.000420,Kia EV6
REQ-9F661B2B,EV-071,EMP-071,2024-03-12T09:22:00,2024-03-12T14:26:07.563688,77,0.68,13.8,50,DC,standard,charger_failure,2024-03-12T06:47:58.623181,Kia EV6
REQ-198FD343,EV-003,EMP-003,2024-03-12T08:34:00,2024-03-12T11:54:22.740749,42,0.56,17.4,22,AC,standard,charger_failure,2024-03-11T22:47:13.469601,BMW i3
REQ-E05E2087,EV-055,EMP-055,2024-03-12T11:48:00,2024-03-12T13:38:14.558387,77,0.66,13.4,50,DC,standard,charger_failure,2024-03-12T06:31:41.632068,Kia EV6
REQ-BA28F217,EV-055,EMP-055,2024-03-12T13:38:00,2024-03-12T17:03:43.800416,77,0.17,35.1,50,DC,standard,charger_failure,2024-03-12T11:28:36.981929,Kia EV6
REQ-399F50F2,EV-032,EMP-032,2024-03-12T07:10:00,2024-03-12T10:58:03.443896,75,0.36,28.1,50,DC,standard,charger_failure,2024-03-12T02:55:32.965178,Tesla Model 3
REQ-2E65CD28,EV-048,EMP-048,2024-03-12T07:07:00,2024-03-12T11:32:28.372203,75,0.31,36.6,50,DC,standard,charger_failure,2024-03-12T02:17:53.755246,Tesla Model 3
REQ-C497A95B,EV-077,EMP-077,2024-03-12T13:14:00,2024-03-12T16:15:09.105366,77,0.59,25.0,50,DC,priority,charger_failure,2024-03-12T04:04:51.054884,VW ID.4
REQ-08B312BD,EV-067,EMP-067,2024-03-12T09:13:00,2024-03-12T11:10:17.063403,42,0.4,17.7,22,AC,standard,charger_failure,2024-03-12T04:01:49.757105,BMW i3
REQ-DA6FE265,EV-013,EMP-013,2024-03-12T08:46:00,2024-03-12T12:17:07.312936,77,0.73,17.4,50,DC,standard,charger_failure,2024-03-12T01:53:15.111568,VW ID.4
REQ-C27AD7C0,EV-007,EMP-007,2024-03-12T11:36:00,2024-03-12T16:09:02.139878,77,0.15,53.5,50,DC,priority,charger_failure,2024-03-11T23:58:08.463373,Kia EV6
REQ-3BE49EC8,EV-067,EMP-067,2024-03-12T10:58:00,2024-03-12T18:19:54.638892,42,0.45,16.4,22,AC,standard,charger_failure,2024-03-12T05:16:17.881151,BMW i3
REQ-DD3E0BD5,EV-053,EMP-053,2024-03-12T07:55:00,2024-03-12T15:38:13.038189,77,0.29,463.2,50,DC,standard,charger_failure,2024-03-11T20:40:52.817816,VW ID.4
REQ-3F7C25D1,EV-037,EMP-037,2024-03-12T10:11:00,2024-03-12T17:58:46.168484,77,0.35,33.8,50,DC,priority,charger_failure,2024-03-12T02:57:14.410509,VW ID.4
REQ-3EA5D695,EV-077,EMP-077,2024-03-12T09:05:00,2024-03-12T16:07:37.939531,77,0.47,26.5,50,DC,priority,charger_failure,2024-03-12T07:10:08.753652,VW ID.4
REQ-7EBF19C4,EV-048,EMP-048,2024-03-12T08:06:00,2024-03-12T11:41:45.374056,75,0.38,37.4,50,DC,standard,charger_failure,2024-03-12T03:56:22.216809,Tesla Model 3
REQ-E5E3EA9B,EV-001,EMP-001,2024-03-12T11:41:00,2024-03-12T15:08:36.734401,82,0.59,24.4,50,DC,standard,charger_failure,2024-03-11T23:52:42.891388,Tesla Model Y
REQ-BFB4F001,EV-078,EMP-078,2024-03-12T07:55:00,2024-03-12T13:54:46.869017,52,0.11,39.1,22,AC,standard,charger_failure,2024-03-12T07:23:35.232941,Renault Zoe
REQ-D1AD3E12,EV-053,EMP-053,2024-03-12T10:48:00,2024-03-12T17:20:43.072912,77,0.37,46.0,50,DC,standard,charger_failure,2024-03-12T01:31:53.939002,VW ID.4
REQ-89B59FC9,EV-077,EMP-077,2024-03-12T10:34:00,2024-03-12T16:56:05.626455,77,0.15,33.7,50,DC,priority,charger_failure,2024-03-12T02:20:35.218564,VW ID.4
REQ-36FF629B,EV-026,EMP-026,2024-03-12T11:42:00,2024-03-12T19:17:45.093678,40,0.64,9.8,22,AC,standard,charger_failure,2024-03-12T02:22:06.214043,Nissan Leaf
REQ-779FDF38,EV-059,EMP-059,2024-03-12T11:01:00,2024-03-12T15:59:12.698357,42,0.71,8.8,22,AC,standard,charger_failure,2024-03-12T10:17:21.038876,BMW i3
REQ-682D7074,EV-059,EMP-059,2024-03-12T08:50:00,2024-03-12T13:01:01.167511,42,0.16,28.5,22,AC,standard,charger_failure,2024-03-12T00:04:42.685468,BMW i3
REQ-96714294,EV-077,EMP-077,2024-03-12T07:59:00,2024-03-12T12:12:20.977826,77,0.28,52.8,50,DC,priority,charger_failure,2024-03-12T05:04:43.826296,VW ID.4
REQ-9BF5F195,EV-046,EMP-046,2024-03-12T08:38:00,2024-03-12T13:06:14.326848,52,0.67,13.5,22,AC,standard,charger_failure,2024-03-12T01:47:16.093243,Renault Zoe
REQ-3B034BB3,EV-017,EMP-017,2024-03-12T12:07:00,2024-03-12T18:44:04.357238,82,0.47,23.2,50,DC,standard,charger_failure,2024-03-12T10:52:06.958094,Tesla Model Y
REQ-F15182D2,EV-004,EMP-004,2024-03-12T08:08:00,2024-03-12T11:20:35.059731,77,0.44,38.4,50,DC,standard,charger_failure,2024-03-11T23:50:11.681118,Hyundai Ioniq 5
REQ-F50E341B,EV-052,EMP-052,2024-03-12T17:04:00,2024-03-12T21:00:00,77,0.26,44.4,50,DC,standard,charger_failure,2024-03-12T05:46:51.338727,Hyundai Ioniq 5
REQ-418C200B,EV-026,EMP-026,2024-03-12T12:53:00,2024-03-12T14:46:20.295534,40,0.71,8.3,22,AC,standard,charger_failure,2024-03-12T09:13:54.926315,Nissan Leaf
REQ-88915F36,EV-005,EMP-005,2024-03-12T11:55:00,2024-03-12T16:07:39.739764,77,0.59,29.7,50,DC,standard,charger_failure,2024-03-12T08:13:13.572529,VW ID.4
REQ-23F88F27,EV-006,EMP-006,2024-03-12T09:53:00,2024-03-12T11:25:19.300671,52,0.23,21.7,22,AC,standard,charger_failure,2024-03-12T09:05:29.601731,Renault Zoe
REQ-09AB2046,EV-077,EMP-077,2024-03-12T12:57:00,2024-03-12T17:37:43.146936,77,0.15,40.9,50,DC,priority,charger_failure,2024-03-12T08:52:32.637493,VW ID.4
REQ-ED518ABF,EV-031,EMP-031,2024-03-12T11:11:00,2024-03-12T16:16:59.093345,77,0.63,22.7,50,DC,priority,charger_failure,2024-03-12T06:50:19.875011,Kia EV6
REQ-BA265827,EV-032,EMP-032,2024-03-12T07:12:00,2024-03-12T10:29:15.698739,75,0.32,26.9,50,DC,standard,charger_failure,2024-03-11T21:34:03.799653,Tesla Model 3
REQ-D425FA10,EV-015,EMP-015,2024-03-12T17:19:00,2024-03-12T21:00:00,77,0.6,25.0,50,DC,standard,charger_failure,2024-03-12T15:49:58.863458,Kia EV6
REQ-280E2EEE,EV-078,EMP-078,2024-03-12T07:04:00,2024-03-12T10:54:58.544724,52,0.65,9.7,22,AC,standard,charger_failure,2024-03-11T19:59:48.606387,Renault Zoe
REQ-C65BECBF,EV-070,EMP-070,2024-03-12T09:36:00,2024-03-12T15:47:47.000718,52,0.14,37.5,22,AC,standard,charger_failure,2024-03-12T05:42:30.445712,Renault Zoe
REQ-ECB9C3C9,EV-008,EMP-008,2024-03-12T09:11:00,2024-03-12T16:19:23.010658,75,0.25,45.0,50,DC,standard,charger_failure,2024-03-12T08:33:40.889012,Tesla Model 3
REQ-A158CDEF,EV-031,EMP-031,2024-03-13T15:27:00,2024-03-13T21:00:00,77,0.31,43.3,50,DC,priority,normal,2024-03-13T07:57:35.536960,Kia EV6
REQ-C6249647,EV-063,EMP-063,2024-03-13T14:57:00,2024-03-13T17:58:53.524701,77,0.35,38.4,50,DC,standard,normal,2024-03-13T13:12:02.372058,Kia EV6
REQ-B42BD1EB,EV-009,EMP-009,2024-03-13T09:54:00,2024-03-13T18:06:38.082465,82,0.16,38.0,50,DC,standard,normal,2024-03-13T09:01:52.751020,Tesla Model Y
REQ-DC55CB77,EV-075,EMP-075,2024-03-13T11:58:00,2024-03-13T14:52:00.686841,42,0.15,35.0,22,AC,standard,normal,2024-03-13T08:47:12.167764,BMW i3
REQ-3E7E13ED,EV-025,EMP-025,2024-03-13T11:08:00,2024-03-13T13:03:51.235877,82,0.44,26.9,50,DC,emergency,normal,2024-03-13T05:54:30.344900,Tesla Model Y
REQ-41BA00E4,EV-020,EMP-020,2024-03-13T07:13:00,2024-03-13T12:44:24.231519,77,0.41,24.3,50,DC,standard,normal,2024-03-12T20:45:40.040951,Hyundai Ioniq 5
REQ-8D72F604,EV-065,EMP-065,2024-03-13T07:24:00,2024-03-13T12:08:29.418261,82,0.56,26.6,50,DC,priority,normal,2024-03-12T20:05:59.013855,Tesla Model Y
REQ-45672A9F,EV-053,EMP-053,2024-03-13T10:00:00,2024-03-13T16:38:10.570086,77,0.28,27.9,50,DC,standard,normal,2024-03-13T08:45:51.640222,VW ID.4
REQ-6E59F8EC,EV-076,EMP-076,2024-03-13T10:36:00,2024-03-13T16:02:38.125630,77,0.69,22.4,50,DC,standard,normal,2024-03-13T03:28:28.104055,Hyundai Ioniq 5
REQ-B4F7843A,EV-079,EMP-079,2024-03-13T11:34:00,2024-03-13T19:40:26.839983,77,0.4,39.3,50,DC,standard,normal,2024-03-13T07:38:45.622685,Kia EV6
REQ-0641A3B7,EV-080,EMP-080,2024-03-13T12:37:00,2024-03-13T15:25:48.409761,75,0.26,52.7,50,DC,standard,normal,2024-03-13T06:51:05.914504,Tesla Model 3
REQ-1B9F785A,EV-071,EMP-071,2024-03-13T13:22:00,2024-03-13T19:07:52.612179,77,0.36,47.9,50,DC,standard,normal,2024-03-13T02:51:19.660896,Kia EV6
REQ-7E5C8027,EV-071,EMP-071,2024-03-13T08:15:00,2024-03-13T11:56:21.018944,77,0.7,19.6,50,DC,standard,normal,2024-03-13T05:15:05.648425,Kia EV6
REQ-C02D9892,EV-006,EMP-006,2024-03-13T10:59:00,2024-03-13T16:37:46.245155,52,0.75,7.0,22,AC,standard,normal,2024-03-13T01:40:05.282076,Renault Zoe
REQ-9DABDADA,EV-012,EMP-012,2024-03-13T07:54:00,2024-03-13T11:17:44.698691,77,0.43,32.1,50,DC,standard,normal,2024-03-12T23:24:48.291436,Hyundai Ioniq 5
REQ-491A858A,EV-074,EMP-074,2024-03-13T11:45:00,2024-03-13T18:50:40.850803,40,0.66,187.3,22,AC,standard,normal,2024-03-13T09:55:52.135519,Nissan Leaf
REQ-890DA6E7,EV-064,EMP-064,2024-03-13T13:39:00,2024-03-13T20:45:54.252752,75,0.42,23.2,50,DC,standard,normal,2024-03-13T10:21:49.044586,Tesla Model 3
REQ-89DF1255,EV-016,EMP-016,2024-03-13T15:25:00,2024-03-13T21:00:00,75,0.65,335.0,50,DC,standard,normal,2024-03-13T13:45:38.673988,Tesla Model 3
REQ-FABA61FD,EV-031,EMP-031,2024-03-13T08:04:00,2024-03-13T12:29:52.936558,77,0.15,57.7,50,DC,priority,normal,2024-03-13T05:48:05.245839,Kia EV6
REQ-682E094D,EV-030,EMP-030,2024-03-13T09:26:00,2024-03-13T11:11:30.010826,52,0.54,14.5,22,AC,standard,normal,2024-03-12T23:18:48.852756,Renault Zoe
REQ-D278CA57,EV-048,EMP-048,2024-03-13T14:16:00,2024-03-13T21:00:00,75,0.68,16.7,50,DC,standard,normal,2024-03-13T13:09:50.008394,Tesla Model 3
REQ-4D8B988C,EV-079,EMP-079,2024-03-13T08:32:00,2024-03-13T15:47:12.084438,77,0.7,15.9,50,DC,standard,normal,2024-03-13T06:58:56.601794,Kia EV6
REQ-56BF0159,EV-020,EMP-020,2024-03-13T10:58:00,2024-03-13T14:59:42.149346,77,0.22,50.1,50,DC,standard,normal,2024-03-13T00:19:13.357216,Hyundai Ioniq 5
REQ-E07CF6DE,EV-004,EMP-004,2024-03-13T12:39:00,2024-03-13T15:24:32.837961,77,0.21,43.1,50,DC,standard,normal,2024-03-13T08:23:16.343301,Hyundai Ioniq 5
REQ-F92E7C58,EV-050,EMP-050,2024-03-13T09:22:00,2024-03-13T12:25:12.221515,40,0.45,21.3,22,AC,standard,normal,2024-03-13T06:24:29.508551,Nissan Leaf
REQ-856161CF,EV-016,EMP-016,2024-03-13T09:20:00,2024-03-13T13:50:57.766223,75,0.31,35.9,50,DC,standard,normal,2024-03-13T08:04:26.925840,Tesla Model 3
REQ-C0FB1E09,EV-043,EMP-043,2024-03-13T14:17:00,2024-03-13T18:33:02.458947,42,0.14,22.0,22,AC,standard,normal,2024-03-13T06:53:46.819406,BMW i3
REQ-552009F2,EV-064,EMP-064,2024-03-13T15:18:00,2024-03-13T20:49:16.901318,75,0.74,18.0,50,DC,standard,normal,2024-03-13T03:46:15.963239,Tesla Model 3
REQ-92BBB317,EV-027,EMP-027,2024-03-13T10:57:00,2024-03-13T17:40:20.514881,42,0.54,19.1,22,AC,standard,normal,2024-03-13T06:37:53.272940,BMW i3
REQ-46281CF3,EV-005,EMP-005,2024-03-13T12:46:00,2024-03-13T16:39:05.108328,77,0.65,20.0,50,DC,standard,normal,2024-03-13T05:16:06.720463,VW ID.4
REQ-01512D46,EV-064,EMP-064,2024-03-13T09:45:00,2024-03-13T16:03:15.982778,75,0.25,44.6,50,DC,standard,normal,2024-03-13T06:34:30.115554,Tesla Model 3
REQ-BA30CAB9,EV-070,EMP-070,2024-03-13T12:47:00,2024-03-13T16:35:58.912974,52,0.58,19.2,22,AC,standard,normal,2024-03-13T11:35:39.187114,Renault Zoe
REQ-B622712F,EV-069,EMP-069,2024-03-13T09:35:00,2024-03-13T12:13:15.105806,77,0.23,30.8,50,DC,standard,normal,2024-03-13T02:12:19.687192,VW ID.4
REQ-BE181CF0,EV-078,EMP-078,2024-03-13T17:13:00,2024-03-13T21:00:00,52,0.28,30.8,22,AC,standard,normal,2024-03-13T10:43:35.863613,Renault Zoe
REQ-B0507659,EV-071,EMP-071,2024-03-13T16:56:00,2024-03-13T20:35:48.287820,77,0.12,62.6,50,DC,standard,normal,2024-03-13T13:38:50.892074,Kia EV6
REQ-3810F0B7,EV-017,EMP-017,2024-03-13T10:48:00,2024-03-13T17:17:15.162515,82,0.26,51.2,50,DC,standard,normal,2024-03-13T03:18:26.183616,Tesla Model Y
REQ-852C45E4,EV-007,EMP-007,2024-03-13T09:38:00,2024-03-13T14:27:03.744034,77,0.1,64.8,50,DC,priority,normal,2024-03-13T06:55:11.930483,Kia EV6
REQ-CB6EFFE4,EV-038,EMP-038,2024-03-13T11:16:00,2024-03-13T14:17:53.940345,52,0.16,34.8,22,AC,standard,normal,2024-03-13T00:03:02.954624,Renault Zoe
REQ-E5B9AFC8,EV-054,EMP-054,2024-03-13T07:09:00,2024-03-13T14:05:14.705829,52,0.3,31.3,22,AC,priority,normal,2024-03-13T04:37:15.570097,Renault Zoe
REQ-835A7338,EV-006,EMP-006,2024-03-13T07:34:00,2024-03-13T12:25:43.322194,52,0.51,16.2,22,AC,standard,normal,2024-03-13T06:08:47.338764,Renault Zoe
REQ-6BE5FE53,EV-041,EMP-041,2024-03-13T16:11:00,2024-03-13T18:56:29.683029,82,0.39,37.6,50,DC,standard,normal,2024-03-13T06:56:22.567173,Tesla Model Y
REQ-148C92C2,EV-061,EMP-061,2024-03-13T14:35:00,2024-03-13T16:13:54.899083,77,0.35,46.4,50,DC,emergency,normal,2024-03-13T03:29:08.554539,VW ID.4
REQ-BE2C37A7,EV-052,EMP-052,2024-03-13T09:18:00,2024-03-13T16:14:59.502349,77,0.27,41.1,50,DC,standard,normal,2024-03-13T04:29:08.918964,Hyundai Ioniq 5
REQ-3CB93731,EV-041,EMP-041,2024-03-13T11:08:00,2024-03-13T13:39:29.721430,82,0.41,27.9,50,DC,standard,normal,2024-03-13T10:29:08.661129,Tesla Model Y
REQ-F5FCB4F7,EV-040,EMP-040,2024-03-13T10:27:00,2024-03-13T15:38:09.250377,75,0.7,21.8,50,DC,standard,normal,2024-03-13T05:39:31.801235,Tesla Model 3
REQ-A7783F48,EV-038,EMP-038,2024-03-13T10:16:00,2024-03-13T16:10:44.343147,52,0.37,17.0,22,AC,standard,normal,2024-03-13T05:20:28.203126,Renault Zoe
REQ-F182C546,EV-026,EMP-026,2024-03-13T09:23:00,2024-03-13T14:09:20.044525,40,0.27,27.9,22,AC,standard,normal,2024-03-13T03:01:22.213754,Nissan Leaf
REQ-E05ECE48,EV-030,EMP-030,2024-03-13T10:22:00,2024-03-13T17:05:24.296125,52,0.52,24.0,22,AC,standard,normal,2024-03-13T07:04:46.591215,Renault Zoe
REQ-23EDA660,EV-056,EMP-056,2024-03-13T08:37:00,2024-03-13T14:50:55.723270,75,0.54,29.3,50,DC,standard,normal,2024-03-13T05:06:40.909083,Tesla Model 3
REQ-A74B18E3,EV-058,EMP-058,2024-03-13T10:21:00,2024-03-13T13:45:25.776931,40,0.49,19.9,22,AC,standard,normal,2024-03-13T09:42:29.232158,Nissan Leaf
REQ-9BAB2292,EV-040,EMP-040,2024-03-13T12:17:00,2024-03-13T20:39:35.837034,75,0.36,38.1,50,DC,standard,normal,2024-03-13T05:49:12.566384,Tesla Model 3
REQ-B0876D5B,EV-022,EMP-022,2024-03-13T07:50:00,2024-03-13T15:33:23.238256,52,0.26,25.1,22,AC,standard,normal,2024-03-12T23:45:38.677118,Renault Zoe
REQ-5946BFAE,EV-033,EMP-033,2024-03-13T09:36:00,2024-03-13T14:11:13.442788,82,0.67,23.4,50,DC,standard,normal,2024-03-13T01:47:02.137706,Tesla Model Y
REQ-4C5365DE,EV-074,EMP-074,2024-03-13T11:41:00,2024-03-13T14:15:13.264006,40,0.59,15.8,22,AC,standard,normal,2024-03-13T07:38:24.645808,Nissan Leaf
REQ-B78A98F9,EV-047,EMP-047,2024-03-13T17:26:00,2024-03-13T18:56:42.621595,77,0.15,55.5,50,DC,standard,normal,2024-03-13T09:24:22.822660,Kia EV6
REQ-BD8F5B04,EV-003,EMP-003,2024-03-13T11:20:00,2024-03-13T15:38:35.587496,42,0.56,11.1,22,AC,standard,normal,2024-03-12T23:55:32.790906,BMW i3
REQ-9A12D872,EV-018,EMP-018,2024-03-13T10:37:00,2024-03-13T13:30:32.227129,40,0.14,20.3,22,AC,standard,normal,2024-03-13T07:08:02.830658,Nissan Leaf
REQ-376E1B08,EV-017,EMP-017,2024-03-13T13:49:00,2024-03-13T20:01:04.609249,82,0.51,37.5,50,DC,standard,normal,2024-03-13T09:56:44.600766,Tesla Model Y
REQ-5CAE149C,EV-070,EMP-070,2024-03-13T09:33:00,2024-03-13T13:36:58.101779,52,0.48,20.0,22,AC,standard,normal,2024-03-13T07:53:26.501519,Renault Zoe
REQ-9ED45B6E,EV-032,EMP-032,2024-03-13T08:30:00,2024-03-13T10:03:15.119776,75,0.48,38.8,50,DC,standard,normal,2024-03-13T01:59:35.349866,Tesla Model 3
REQ-472E69FD,EV-025,EMP-025,2024-03-13T08:12:00,2024-03-13T17:06:06.214746,82,0.59,32.5,50,DC,emergency,normal,2024-03-13T03:49:26.959315,Tesla Model Y
REQ-BDC2995E,EV-072,EMP-072,2024-03-13T09:44:00,2024-03-13T17:54:34.109296,75,0.75,17.0,50,DC,priority,normal,2024-03-13T01:35:05.758988,Tesla Model 3
REQ-89AE37C8,EV-046,EMP-046,2024-03-13T09:06:00,2024-03-13T13:16:12.789315,52,0.31,19.7,22,AC,standard,normal,2024-03-13T00:34:10.037635,Renault Zoe
REQ-5E46EC39,EV-075,EMP-075,2024-03-13T12:46:00,2024-03-13T15:18:29.301737,42,0.49,20.0,22,AC,standard,normal,2024-03-13T04:13:30.444675,BMW i3
REQ-08197D7D,EV-030,EMP-030,2024-03-13T13:44:00,2024-03-13T19:52:15.495781,52,0.53,18.0,22,AC,standard,normal,2024-03-13T11:04:19.493686,Renault Zoe
REQ-1FEF1578,EV-045,EMP-045,2024-03-13T17:52:00,2024-03-13T21:00:00,77,0.11,188.0,50,DC,standard,normal,2024-03-13T08:04:47.106589,VW ID.4
REQ-3FE15F61,EV-011,EMP-011,2024-03-13T07:53:00,2024-03-13T13:56:02.601441,42,0.36,21.7,22,AC,standard,normal,2024-03-13T02:27:44.265988,BMW i3
REQ-3788D53F,EV-007,EMP-007,2024-03-13T17:47:00,2024-03-13T21:00:00,77,0.66,24.9,50,DC,priority,normal,2024-03-13T13:54:14.072909,Kia EV6
REQ-32659DCB,EV-036,EMP-036,2024-03-13T07:17:00,2024-03-13T12:41:01.469579,77,0.47,37.9,50,DC,standard,normal,2024-03-13T05:18:46.539924,Hyundai Ioniq 5
REQ-03F67B5B,EV-029,EMP-029,2024-03-13T11:36:00,2024-03-13T18:08:52.678336,77,0.46,39.0,50,DC,priority,normal,2024-03-13T05:58:03.730606,VW ID.4
REQ-8E4ADB3C,EV-047,EMP-047,2024-03-13T08:19:00,2024-03-13T11:37:24.343566,77,0.24,51.3,50,DC,standard,normal,2024-03-13T06:47:17.522833,Kia EV6
REQ-3626DC5C,EV-038,EMP-038,2024-03-13T10:25:00,2024-03-13T13:07:06.352500,52,0.7,14.8,22,AC,standard,normal,2024-03-13T07:22:56.432152,Renault Zoe
REQ-AA49520E,EV-050,EMP-050,2024-03-13T07:57:00,2024-03-13T16:10:52.793861,40,0.18,18.6,22,AC,standard,normal,2024-03-12T23:06:27.843573,Nissan Leaf
REQ-8F79C237,EV-035,EMP-035,2024-03-13T08:23:00,2024-03-13T16:25:22.396389,42,0.71,10.8,22,AC,standard,normal,2024-03-13T00:28:38.957219,BMW i3
REQ-64A850F9,EV-038,EMP-038,2024-03-13T10:26:00,2024-03-13T17:27:12.067173,52,0.35,27.8,22,AC,standard,normal,2024-03-13T00:05:15.762116,Renault Zoe
REQ-29819BB0,EV-033,EMP-033,2024-03-13T13:26:00,2024-03-13T15:48:03.629062,82,0.16,37.5,50,DC,standard,normal,2024-03-13T02:09:19.479063,Tesla Model Y
REQ-F3060757,EV-065,EMP-065,2024-03-13T11:13:00,2024-03-13T15:28:28.899701,82,0.65,28.0,50,DC,priority,normal,2024-03-13T10:41:50.510453,Tesla Model Y
REQ-D9F4A7DD,EV-026,EMP-026,2024-03-13T08:04:00,2024-03-13T15:55:12.202109,40,0.74,6.9,22,AC,standard,normal,2024-03-12T23:45:16.890146,Nissan Leaf
REQ-21AA5086,EV-031,EMP-031,2024-03-13T12:02:00,2024-03-13T18:02:43.676245,77,0.24,40.8,50,DC,priority,normal,2024-03-13T06:14:11.045317,Kia EV6
REQ-E1B3B695,EV-015,EMP-015,2024-03-13T08:53:00,2024-03-13T16:39:44.849673,77,0.42,32.5,50,DC,standard,normal,2024-03-13T06:42:20.953078,Kia EV6
REQ-BDCDE57A,EV-019,EMP-019,2024-03-13T12:36:00,2024-03-13T19:22:20.103857,42,0.49,14.0,22,AC,priority,normal,2024-03-13T10:40:48.589874,BMW i3
REQ-358CA724,EV-052,EMP-052,2024-03-13T17:07:00,2024-03-13T21:00:00,77,0.64,20.7,50,DC,standard,normal,2024-03-13T12:17:04.262835,Hyundai Ioniq 5
REQ-2AEA0008,EV-029,EMP-029,2024-03-13T15:59:00,2024-03-13T21:00:00,77,0.24,50.7,50,DC,priority,normal,2024-03-13T07:25:43.133074,VW ID.4
REQ-6C981C28,EV-007,EMP-007,2024-03-13T08:43:00,2024-03-13T11:33:33.546274,77,0.42,31.1,50,DC,priority,normal,2024-03-13T00:38:07.037129,Kia EV6
REQ-B0EFDF7B,EV-068,EMP-068,2024-03-13T14:58:00,2024-03-13T20:34:34.458558,77,0.32,43.9,50,DC,standard,normal,2024-03-13T05:45:10.632739,Hyundai Ioniq 5
REQ-877F8606,EV-042,EMP-042,2024-03-13T10:03:00,2024-03-13T13:40:22.076490,40,0.55,10.8,22,AC,standard,normal,2024-03-13T05:01:17.820413,Nissan Leaf
REQ-0FD97FAE,EV-052,EMP-052,2024-03-13T08:30:00,2024-03-13T14:21:10.359354,77,0.62,27.1,50,DC,standard,normal,2024-03-13T02:44:18.154494,Hyundai Ioniq 5
REQ-0F5C5794,EV-063,EMP-063,2024-03-13T07:16:00,2024-03-13T13:59:10.799201,77,0.29,31.3,50,DC,standard,normal,2024-03-12T22:09:36.963769,Kia EV6
REQ-E60CA2C4,EV-075,EMP-075,2024-03-13T11:01:00,2024-03-13T17:57:40.852818,42,0.47,18.7,22,AC,standard,normal,2024-03-13T08:49:09.133988,BMW i3
REQ-646FF4D4,EV-008,EMP-008,2024-03-13T16:16:00,2024-03-13T21:00:00,75,0.7,12.3,50,DC,standard,normal,2024-03-13T13:42:03.198793,Tesla Model 3
REQ-7A835304,EV-006,EMP-006,2024-03-13T08:57:00,2024-03-13T15:19:32.640730,52,0.49,26.1,22,AC,standard,normal,2024-03-13T03:48:14.648573,Renault Zoe
REQ-86DBA0F7,EV-004,EMP-004,2024-03-13T07:28:00,2024-03-13T12:37:52.899132,77,0.55,33.9,50,DC,standard,normal,2024-03-13T02:38:59.614073,Hyundai Ioniq 5
REQ-65F3541B,EV-017,EMP-017,2024-03-13T12:35:00,2024-03-13T19:01:20.008990,82,0.61,29.8,50,DC,standard,normal,2024-03-13T08:55:06.055933,Tesla Model Y
REQ-2257C262,EV-016,EMP-016,2024-03-13T11:44:00,2024-03-13T14:08:00.010412,75,0.15,47.5,50,DC,standard,normal,2024-03-13T05:22:16.412191,Tesla Model 3
REQ-2043D49A,EV-027,EMP-027,2024-03-13T08:08:00,2024-03-13T13:55:41.025267,42,0.28,26.4,22,AC,standard,normal,2024-03-13T05:33:02.601012,BMW i3
REQ-FE7DACE1,EV-025,EMP-025,2024-03-13T10:17:00,2024-03-13T15:02:08.724924,82,0.47,23.9,50,DC,emergency,normal,2024-03-12T23:19:52.346335,Tesla Model Y
REQ-9F4664CD,EV-066,EMP-066,2024-03-13T11:22:00,2024-03-13T18:57:47.434306,40,0.11,27.7,22,AC,standard,normal,2024-03-13T01:31:35.074891,Nissan Leaf
REQ-C7F0C02B,EV-055,EMP-055,2024-03-13T10:02:00,2024-03-13T15:55:07.481565,77,0.56,30.3,50,DC,standard,normal,2024-03-13T00:52:26.288892,Kia EV6
REQ-DAAAA9E0,EV-022,EMP-022,2024-03-13T17:41:00,2024-03-13T20:32:17.932677,52,0.49,15.6,22,AC,standard,normal,2024-03-13T07:58:38.762966,Renault Zoe
REQ-A987A119,EV-057,EMP-057,2024-03-13T07:15:00,2024-03-13T10:17:48.207306,82,0.2,51.2,50,DC,standard,normal,2024-03-13T06:20:50.781428,Tesla Model Y
REQ-3DF7AC41,EV-080,EMP-080,2024-03-13T16:31:00,2024-03-13T20:44:36.110299,75,0.45,29.4,50,DC,standard,normal,2024-03-13T16:00:56.457637,Tesla Model 3
REQ-1B189D1F,EV-080,EMP-080,2024-03-13T08:53:00,2024-03-13T14:16:44.962935,75,0.61,24.3,50,DC,standard,normal,2024-03-13T01:44:49.241175,Tesla Model 3
REQ-CC61238E,EV-061,EMP-061,2024-03-13T12:02:00,2024-03-13T20:55:42.527092,77,0.33,39.7,50,DC,emergency,normal,2024-03-13T10:23:41.021962,VW ID.4
REQ-C805FF79,EV-060,EMP-060,2024-03-13T13:28:00,2024-03-13T16:22:37.988579,77,0.29,50.1,50,DC,standard,normal,2024-03-13T06:02:31.222378,Hyundai Ioniq 5
REQ-5D81FED9,EV-073,EMP-073,2024-03-13T07:43:00,2024-03-13T10:10:49.287103,82,0.5,22.0,50,DC,priority,normal,2024-03-13T02:49:34.212239,Tesla Model Y
REQ-DE87B3A8,EV-001,EMP-001,2024-03-13T13:48:00,2024-03-13T15:55:27.860055,82,0.27,42.7,50,DC,standard,normal,2024-03-13T07:08:13.561168,Tesla Model Y
REQ-96119C08,EV-024,EMP-024,2024-03-13T08:27:00,2024-03-13T17:24:54.700264,75,0.55,20.1,50,DC,standard,normal,2024-03-13T00:23:27.032606,Tesla Model 3
REQ-0FC857D9,EV-066,EMP-066,2024-03-13T14:12:00,2024-03-13T18:50:51.534760,40,0.2,31.9,22,AC,standard,normal,2024-03-13T13:24:07.331666,Nissan Leaf
REQ-40C2AB22,EV-063,EMP-063,2024-03-13T11:09:00,2024-03-13T13:35:04.773045,77,0.17,49.5,50,DC,standard,normal,2024-03-13T03:17:16.651956,Kia EV6
REQ-24C16FEA,EV-033,EMP-033,2024-03-13T09:40:00,2024-03-13T13:12:57.831064,82,0.66,213.0,50,DC,standard,normal,2024-03-13T04:49:45.742353,Tesla Model Y
REQ-4D912036,EV-033,EMP-033,2024-03-13T16:08:00,2024-03-13T18:25:15.073696,82,0.7,14.5,50,DC,standard,normal,2024-03-13T12:06:28.848486,Tesla Model Y
REQ-7AAEE35B,EV-047,EMP-047,2024-03-13T13:58:00,2024-03-13T19:26:01.923208,77,0.56,31.6,50,DC,standard,normal,2024-03-13T06:28:50.868506,Kia EV6
REQ-DB536FE5,EV-053,EMP-053,2024-03-13T13:20:00,2024-03-13T21:00:00,77,0.35,33.7,50,DC,standard,normal,2024-03-13T01:42:04.788253,VW ID.4
REQ-DB643160,EV-038,EMP-038,2024-03-13T10:11:00,2024-03-13T18:03:20.010435,52,0.41,207.8,22,AC,standard,normal,2024-03-13T03:46:38.391655,Renault Zoe
REQ-51F2F827,EV-042,EMP-042,2024-03-13T07:15:00,2024-03-13T11:35:27.617944,40,0.58,8.8,22,AC,standard,normal,2024-03-12T19:32:35.706344,Nissan Leaf
REQ-F2651B30,EV-061,EMP-061,2024-03-13T11:29:00,2024-03-13T17:32:54.980745,77,0.56,20.0,50,DC,emergency,normal,2024-03-13T01:48:03.387592,VW ID.4
REQ-A9257C9D,EV-012,EMP-012,2024-03-13T09:33:00,2024-03-13T14:15:29.657233,77,0.71,21.0,50,DC,standard,normal,2024-03-13T05:32:25.240347,Hyundai Ioniq 5
REQ-90005B8F,EV-032,EMP-032,2024-03-13T14:53:00,2024-03-13T19:25:55.899181,75,0.3,28.6,50,DC,standard,normal,2024-03-13T05:59:19.944556,Tesla Model 3
REQ-ACF11EDD,EV-019,EMP-019,2024-03-13T15:29:00,2024-03-13T17:24:50.111102,42,0.58,13.7,22,AC,priority,normal,2024-03-13T04:55:41.787379,BMW i3
REQ-8621AF04,EV-060,EMP-060,2024-03-13T16:16:00,2024-03-13T21:00:00,77,0.58,23.9,50,DC,standard,normal,2024-03-13T04:17:24.686772,Hyundai Ioniq 5
REQ-2D3969CF,EV-038,EMP-038,2024-03-13T14:23:00,2024-03-13T18:55:27.729195,52,0.5,24.8,22,AC,standard,normal,2024-03-13T05:40:13.772978,Renault Zoe
REQ-C5F4230C,EV-042,EMP-042,2024-03-13T12:29:00,2024-03-13T15:48:54.108670,40,0.58,16.4,22,AC,standard,normal,2024-03-13T01:51:34.259512,Nissan Leaf
REQ-2B81A313,EV-063,EMP-063,2024-03-13T10:13:00,2024-03-13T16:16:19.085754,77,0.73,17.4,50,DC,standard,normal,2024-03-13T03:41:46.420385,Kia EV6
REQ-69A6F12A,EV-061,EMP-061,2024-03-13T07:09:00,2024-03-13T14:56:44.041248,77,0.43,42.8,50,DC,emergency,normal,2024-03-13T02:17:25.476693,VW ID.4
REQ-C61452CC,EV-058,EMP-058,2024-03-13T09:13:00,2024-03-13T17:34:19.219725,40,0.26,22.8,22,AC,standard,normal,2024-03-13T07:21:40.372412,Nissan Leaf
REQ-68116289,EV-037,EMP-037,2024-03-13T07:35:00,2024-03-13T10:40:52.780505,77,0.58,25.4,50,DC,priority,normal,2024-03-13T03:34:40.460304,VW ID.4
REQ-957F2E0F,EV-064,EMP-064,2024-03-13T16:55:00,2024-03-13T21:00:00,75,0.12,48.3,50,DC,standard,normal,2024-03-13T10:48:05.768514,Tesla Model 3
REQ-BA147223,EV-026,EMP-026,2024-03-13T10:13:00,2024-03-13T14:10:50.898635,40,0.33,13.5,22,AC,standard,normal,2024-03-13T07:34:33.070955,Nissan Leaf
REQ-CA1B4CCB,EV-016,EMP-016,2024-03-13T09:12:00,2024-03-13T14:23:25.245220,75,0.16,47.7,50,DC,standard,normal,2024-03-13T07:16:32.914352,Tesla Model 3
REQ-C5B97F9B,EV-062,EMP-062,2024-03-13T09:18:00,2024-03-13T15:43:29.103042,52,0.25,27.2,22,AC,standard,normal,2024-03-13T03:52:26.663148,Renault Zoe
REQ-979BBC50,EV-056,EMP-056,2024-03-13T08:37:00,2024-03-13T10:55:54.764808,75,0.39,42.1,50,DC,standard,normal,2024-03-13T04:02:55.256029,Tesla Model 3
REQ-7653FDF7,EV-017,EMP-017,2024-03-13T09:43:00,2024-03-13T17:44:43.879898,82,0.23,481.7,50,DC,standard,normal,2024-03-13T04:40:45.795381,Tesla Model Y
REQ-0ABCB936,EV-036,EMP-036,2024-03-13T12:48:00,2024-03-13T15:30:08.437529,77,0.23,43.9,50,DC,standard,normal,2024-03-13T09:14:35.895726,Hyundai Ioniq 5
REQ-3EA41B3B,EV-045,EMP-045,2024-03-13T10:06:00,2024-03-13T17:35:55.142308,77,0.56,22.4,50,DC,standard,normal,2024-03-12T23:27:34.865622,VW ID.4
REQ-0BF11137,EV-030,EMP-030,2024-03-13T10:50:00,2024-03-13T18:39:22.698667,52,0.35,18.8,22,AC,standard,normal,2024-03-13T10:05:24.298642,Renault Zoe
REQ-C0B21E05,EV-047,EMP-047,2024-03-13T08:00:00,2024-03-13T15:15:19.393689,77,0.25,48.5,50,DC,standard,normal,2024-03-12T20:16:15.444991,Kia EV6
REQ-436F8BFE,EV-011,EMP-011,2024-03-13T11:52:00,2024-03-13T15:32:15.598984,42,0.42,21.4,22,AC,standard,normal,2024-03-13T09:36:46.676988,BMW i3
REQ-90C2BFAF,EV-076,EMP-076,2024-03-13T09:29:00,2024-03-13T16:44:01.645330,77,0.66,26.1,50,DC,standard,normal,2024-03-12T23:32:46.770166,Hyundai Ioniq 5
REQ-E6A7ADC4,EV-001,EMP-001,2024-03-13T08:24:00,2024-03-13T15:58:28.716648,82,0.56,27.1,50,DC,standard,normal,2024-03-12T20:29:08.360928,Tesla Model Y
REQ-CD0994A6,EV-065,EMP-065,2024-03-13T10:16:00,2024-03-13T13:29:13.373190,82,0.19,34.5,50,DC,priority,normal,2024-03-12T23:04:55.329075,Tesla Model Y
REQ-7C6E2764,EV-067,EMP-067,2024-03-13T10:13:00,2024-03-13T12:23:55.256621,42,0.13,25.7,22,AC,standard,normal,2024-03-13T02:26:00.967030,BMW i3
REQ-F07A6BC4,EV-028,EMP-028,2024-03-13T07:40:00,2024-03-13T12:45:38.271416,77,0.43,36.1,50,DC,standard,normal,2024-03-13T04:04:13.211908,Hyundai Ioniq 5
REQ-3CDA58A8,EV-034,EMP-034,2024-03-13T07:42:00,2024-03-13T12:20:08.003397,40,0.31,122.4,22,AC,emergency,normal,2024-03-13T06:36:01.791627,Nissan Leaf
REQ-30F68D12,EV-055,EMP-055,2024-03-13T11:25:00,2024-03-13T16:27:25.570433,77,0.69,13.1,50,DC,standard,normal,2024-03-13T00:00:39.213109,Kia EV6
REQ-B4877276,EV-033,EMP-033,2024-03-13T09:36:00,2024-03-13T11:49:35.954966,82,0.11,56.6,50,DC,standard,normal,2024-03-13T05:17:27.834232,Tesla Model Y
REQ-46968F94,EV-063,EMP-063,2024-03-13T11:43:00,2024-03-13T19:03:27.824304,77,0.44,29.6,50,DC,standard,normal,2024-03-13T08:48:04.621302,Kia EV6
REQ-77A4977F,EV-044,EMP-044,2024-03-13T10:46:00,2024-03-13T13:14:43.105942,77,0.58,18.1,50,DC,standard,normal,2024-03-12T23:46:35.879168,Hyundai Ioniq 5
REQ-A3B699A9,EV-027,EMP-027,2024-03-13T11:22:00,2024-03-13T18:09:05.821455,42,0.7,6.8,22,AC,standard,normal,2024-03-13T06:55:24.024094,BMW i3
REQ-796C0F52,EV-002,EMP-002,2024-03-13T12:58:00,2024-03-13T15:58:53.976157,40,0.57,9.0,22,AC,standard,normal,2024-03-13T06:08:09.478765,Nissan Leaf
REQ-7D40D35F,EV-063,EMP-063,2024-03-13T08:45:00,2024-03-13T16:39:02.833945,77,0.69,23.6,50,DC,standard,normal,2024-03-13T03:05:32.836088,Kia EV6
